texto,label
STF decide como será a eleição no Rio com cassação de Castro; entenda o que está em jogo,1
CPI rejeita proposta de indiciamento de ministros do STF,1
Pesquisa mostra o número que mais dificulta o avanço de Flávio Bolsonaro sobre Lula,1
Band foi pressionada a demitir comentarista após ele criticar o conluio entre o STF e a PGR contra Bolsonaro,0
"Vídeo com imagens da ponte rodoferroviária Rollemberg-Vuolo, em que o narrador detalha informações do projeto. Sobrepostas aos vídeos estão fotos de Jair e Michelle Bolsonaro, dando a entender que o empreendimento foi uma iniciativa do governo do ex-presidente.",0
"Deputado do PT blinda governo Lula, segura 600 pedidos e barra questões sobre Banco Master",1
Avião do presidente Lula foi interceptado com malas de dinheiro ligadas à fraude no INSS,0
STF mantém prisão de ex-presidente do BRB; Toffoli se declara impedido,1
A GloboNews cortou do Globoplay a fala da Daniela Lima sobre uma troca de mensagens com um ministro do STF,0
"Flávio Bolsonaro diz que, se eleito, usará seu prestígio no Congresso para reduzir maioridade penal",1
"Sergio Moro lidera em todos os cenários para governo do Paraná, diz Genial/Quaest",1
No meu governo a gente colocou a CGU como ministro para fiscalizar,0
"Vídeo que circula no TikTok, no qual torcedores do Flamengo aparecem supostamente xingando o candidato à presidência Lula durante uma partida de futebol no Maracanã.",0
Bolsonaro se queixa de 'dor intermitente' no ombro e PGR não se opõe a realização de cirurgia,1
A reação das lideranças evangélicas à rejeição de Jorge Messias para o STF,1
Ação mira Flávio Bolsonaro e Silas por propaganda eleitoral antecipada,1
Mendonça trava julgamento no STF contra Eduardo Bolsonaro,1
PF vê indícios de ligação do PCC e banco que financia pesquisas favoráveis ao Lula,0
Lula x Flávio: nova pesquisa Real Time Big Data mostra disputa após derrotas do presidente,1
"O ex-general Pollo Carvajal, da Colômbia, denunciou que o ex-ministro do STF Joaquim Barbosa foi o mandante da morte do também ex-ministro Teori Zavascki.",0
PGR foi contra mudanças nas regras da delação premiada em ação no STF,1
O estado onde Flávio Bolsonaro tem vantagem de quase 30 pontos sobre Lula,1
STF não tem tem competência para decidir medidas da execução penal de Jair Bolsonaro,0
"Lula ladrão, seu lugar é na prisão, na inauguração de ponte construída por Bolsonaro",0
"Advogado Montenegro se matou após decisões arbitrárias do STF, onde foi condenado pelo 8 de Janeiro",0
Presidente do PT confirma que Lula será candidato à reeleição,1
Congresso analisa veto de Lula ao PL da Dosimetria; entenda o cenário,1
E todo mundo achando que o presidente Bolsonaro estava inelegível: ele vai passar a mandar no Brasil caso o PL assuma a presidência da Câmara,0
"Flávio Bolsonaro e Caiado poupam munição contra ministros, e Zema se firma como candidato anti-STF",1
"Lula disse: 'Não se ganha copa com hospitais, vou construir estádios de futebol'; 'Ainda bem que a ‘natureza’ criou o coronavírus'; 'Um político ladrão é mais digno que um funcionário público'; 'Eu não vou enganar o povo mais uma vez'; e 'Eu não posso ver mais jovem de 14, 15 anos, assaltando e sendo violentado pela polícia só porque roubou um celular'",0
Violência explodindo no país e o que Haddad faz? Planeja soltar condenados!,0
Jornal O Globo faz reportagem intitulada “Intestino de Bolsonaro se adianta e já está preso” para debochar do ex-presidente,0
Lula e Merz se encontram em momento delicado para seus governos,1
"Video de Lula faz parte da propaganda eleitoral na Argentina,video esse que apresenta aos eleitores do então candidato da ESQUERDA Sérgio Massa,parte dos escândalos de CORRUPÇÃO praticados no BRASIL por LULA e sua turma.",0
No dia 08/08 Haddad e Lula decretaram que o FGTS será taxado em 35% no momento do saque-rescisão,0
"Postagem compartilha uma imagem do ministro Alexandre de Moraes, do Supremo Tribunal Federal (STF), usando um boné com o logo da Agência dos Estados Unidos para o Desenvolvimento Internacional (USAID, na sigla em inglês). “Agora tudo está claro”, afirma a legenda.",0
"Vídeo mostra os feitos do governo Bolsonaro, que incluem aumento do poder de compra e criação do PIX",0
DESCOBERTO O GOLPE DA INVASÃO DO CONGRESSO Tudo isso não passou de um golpe muito bem engendrado pela turma do PT.,0
PF cumpre sete mandados de prisão contra investigados por corrupção no governo do RJ,1
"""Notícia bombástica internacional confirmada agora. O presidente americano Donald Trump incluiu o nome de Luiz Inácio Lula da Silva e Alexandre de Moraes no protocolo do Veredito Final""",0
Ivete Sangalo e Fátima Bernardes dizem que Lula é o único presidente que já deve coragem de peitar o império,0
Datafolha vai medir pela primeira vez como brasileiro vê cada um dos 10 ministros do STF,1
Empresa contratada pelo TSE para apuração dos votos tem ligação com o PT,0
"Em nova derrota para o governo, Congresso derruba veto de Lula e reduz pena de Bolsonaro",1
Efeito Trump coloca elegibilidade de Bolsonaro em pauta no TSE,0
URGENTE: Flávio Bolsonaro acabou de fugir do Brasil. O golpista foi pra Europa onde deve ficar foragido. Lembrando que ele está no inquérito do golpe e seria preso no Brasil,0
"O PT assinou a constituição de 88? O pessoal faz uma ronda agora sobre carta à democracia para tentar atingir a mim, mas a bancada toda do PT não assinou essa carta à democracia em 88",0
"Site ""Veja seu Voto"" mostra votos de mortos para Lula, o que o STF fará?",0
Meio/Ideia: Lula lidera 1º turno e empata com Flávio Bolsonaro no 2º,1
"A difícil situação de Gleisi na corrida ao Senado pelo Paraná, segundo pesquisa",1
Zema diz que STF tem ‘rabo preso’ e que ministros ‘evitam investigações’,1
"Quem é Agustin Fernandez, aliado de Michelle que detonou Flávio e expôs o ódio no clã Bolsonaro",1
Ratinho vira réu por discriminar deputada do PT; indenização é de R$ 1 milhão,1
Datafolha realizou pesquisa online sobre eleição presidencial,0
Comissão da Câmara convida ministro da Justiça para explicar atuação da PF no caso Ramagem,1
"""IREI PRENDER O LULA"" AFIRMA JUIZ SERGIO MORO ""JÁ TENHO TODAS AS PROVAS SUFICIENTES. PORÉM, PRECISAREI DE MUITO APOIO POPULAR. "" ""PRECISAMOS DE ALGO ROBUSTO, COMO UMA POSTAGEM COM MAIS DE 1 MILHÃO DE COMPARTILHAMENTOS NAS REDES SOCIAIS",0
"Com manobra do Centrão, Congresso deve analisar veto de Lula ao PL da Dosimetria",1
Lula disse que políticos não deveriam cuidar de pessoas pobres porque quando elas estudam e ascendem socialmente deixam de votar.,0
"Em entrevista a rádio, Lula afirma que PT é organização criminosa",0
Daniel Vorcaro surta na prisão e delata Lula e membros do STF,0
Comandante da Marinha manda recado grave para Lula e STF.,0
Suprema Corte espanhola absolve Neymar de acusações de corrupção e fraude,1
Pesquisas eleitorais: como está a disputa Lula x Flávio Bolsonaro após Datafolha e Quaest,1
"Paulo Guedes diz que Bolsonaro não mandava na presidência e dependia dos filhos Eduardo e Flávio para aprovar tudo. Guedes diz que “cansava de reclamar que os filhos queriam colocar o dinheiro dos negócios junto com o Queiroz no orçamento secreto, sendo que o presidente Bolsonaro não sabia de nada”.",0
Hugo Motta exonera assessor que interrompeu entrevista ao vivo com palavrão e pedido de reeleição de Lula,1
Uczai diz que base do governo vai recorrer ao STF após derrubada do veto ao PL da Dosimetria,1
Bolsonaro deixou pronta a ponte sobre o rio Araguaia,0
Áudio grampeado de Lula exige prisão e inelegibilidade de Flávio Bolsonaro antes das eleições,0
Governo Lula vai obrigar famílias CARENTES a DEVOLVEREM o auxílio emergencial pago no governo Bolsonaro,0
"""Quem escolhe candidato é o poder judiciário... porque o povo é 'burro'. O povo só escolhe corrupto. O povo só escolhe bandido..."", disse o deputado Wadih Damous, provavelmente sem perceber que estava sendo gravado.",0
Boulos ultrapassa Marçal 18:45 Dilma ultrapassa Aecio as 18:45 Lula ultrapassa Bolsonaro as *18:45* Pois e meu amigo Eleição não se ganha se toma.. [olha a coincidência Veja só sempre a mesma hora,0
Governo Lula vai aumentar o ICMS e gasolina vai ficar mais cara,0
Líderes de esquema de fraude contra imigrantes brasileiros são presos na Flórida,1
Pesquisas eleitorais: como está a disputa entre Lula e Flávio às vésperas da nova AtlasIntel,1
Número recorde de húngaros comparece às urnas em eleição que pode destituir Orbán e abalar Rússia,1
Haddad declarou a impossibilidade de o governo pagar funcionários públicos e PIB está caindo,0
"Gleisi dispara contra Bolsonaro, Caiado e Tarcísio: “Traidores da Pátria”",1
TRE-SP anula votos e cassa mandatos em Osasco por fraude à cota de gênero,1
Supremo Tribunal espanhol decide futuro de Neymar em processo de fraude e corrupção,1
"Gritos, cusparada e euforia: 10 anos da sessão do impeachment de Dilma",1
"Segundo ministro da Fazenda, Fernando Haddad, governo analisa proposta de regulamentar casas noturnas de prostituição",0
Presidente Luiz Inácio Lula da Silva disse que a mulher tem que ficar em casa para dar banho e jantar para os filhos e marido.,0
Relator da OEA diz em vídeo que 8 de janeiro foi programado pelo STF para manter a censura,0
Sou o único candidato que tem a proposta tributária explícita [no programa de governo].,0
STF suspendeu rastreamento de bebidas após pedido da Receita Federal do governo Lula. Bebidas contaminadas por metanol,0
"Homem que atacou o Supremo Tribunal Federal (STF) jogou uma bomba contra a estátua da Justiça, mas o explosivo quicou, caiu em cima dele e o matou",0
Estabelecimentos comerciais passaram a vender ossos bovinos no atual governo Lula,0
"Flávio Bolsonaro diz: ""O Sistema Único de Saúde (SUS) será privatizado no mesmo dia em que eu tomar posse""",0
Messias: Mendonça é um dos melhores ministros do STF e tenho muito orgulho de ter seu apoio,1
"Bolsonaro recebe R$ 18,4 milhões para proteger Michel Temer e atacar o PT!",0
"Lula falou que quem vota nele e no PT é ""desprovido de inteligência""",0
"Absurdo. Lula agradecendo o voto do Marcola, líder da organização criminosa PCC",0
"Médica que receitou pregabalina e sertralina a Bolsonaro, que provocaram um surto no ex-presidente, é da Polícia Federal",0
PGR toma coragem e ordena DESTITUIÇÃO de Alexandre de Moraes do STF,0
Vídeo mostra reação de Bolsonaro à prisão de Lula e de Lula à prisão de Bolsonaro,0
"DPVAT custava R$ 12,30 no governo Bolsonaro e passou a custar R$ 292,01 no governo Lula",0
"LULINHA & VEJA LANÇADA ONTEM EM SP VAI QUEBRAR O PAU: O desespero do presidiário Lula, seus filhos que nunca trabalharam , Haddad, Guilherme Boulos, Marina, Ciro, Suplicy e diversos amigos do Lula estão desesperados com a verdade que veio à tona. Vai ser publicada na VEJA desse final de semana a RIQUEZA do LULINHA. Sócio majoritário dos Frigoríficos JBS (Friboi), SÓCIO majoritário da Telefonia OI, Proprietário de SEIS Fazendas que somadas dão um total de 1.400.000 hectares . Criador de mais de 500.000 cabeças de GADO no Estado do PARÁ. Sócio majoritário da cooperativa de Frigoríficos em Gurupi-TO . Cooperfrigu, este Frigorifico exporta cocaína para toda Europa .",0
AGU recorre contra anulação de condenação de aliado de Lula,1
‘Falta de apoio’ no PL abre crise na campanha de Flávio Bolsonaro,1
"PS ""sabota"" eleição do Provedor de Justiça? — Debate",1
Candidato de ultradireita no Peru oferece R$ 29 mil por provas de fraude eleitoral,1
As apostas que Izalci Lucas faz para desbancar o apoio de Michelle Bolsonaro a Celina Leão ao governo do DF,1
"Flávio Bolsonaro tem maior taxa de rejeição, com 52,6%, contra 47,4% de Lula, aponta CNT/MDA",1
Por que o próximo presidente da República pode mudar o perfil do STF,1
Presidente do PT reage ao empate técnico entre Lula e Flávio Bolsonaro no Datafolha,1
Novas sanções e Lei Magnitsky serão aplicadas essa semana aos ministros do STF,0
"""Ausência confirmada! Lula fica de fora da posse de Trump e causa polêmica""",0
"Então, eu peguei um passageiro no aeroporto que tinha acabado de chegar de São Paulo. E ele faz parte da cúpula da Mancha Vermelha, que é uma organização do PT, que participa de altas reuniões junto com o Lula, Zé Dirceu?",0
"IDOSO É PRESO, APÓS FAZER S*** COM QUATRO GAROTAS DE PROGRAMA EM CABARÉ, E NA HORA DE PAGAR, DISSE QUE QUEM PAGARIA A CONTA, SERIA O CANDIDATO A PRESIDÊNCIA, CIRO GOMES.",0
Anunciadas prisões de Eduardo e Michelle Bolsonaro após delação premiada de Mauro Cid,0
"Após um advogado ser impedido de entrar na sessão do Supremo Tribunal Federal (STF) que julgava denúncia contra o ex-presidente Jair Bolsonaro (PL) e outras sete pessoas, começaram a circular posts dizendo que o órgão feriu o Estatuto da Ordem dos Advogados do Brasil (OAB), segundo o qual advogados podem entrar livremente em qualquer julgamento.",0
MPF disse que não existe prova de corrupção no governo Bolsonaro,0
"Flávio usa sabatina de Messias para mirar Lula, STF e reanimar base bolsonarista",1
Delação de Daniel Vorcaro chega à Polícia Federal,1
"Ventura: ""PTRR é uma fraude política""",1
"Ministro Gilmar Mendes, do Supremo Tribunal Federal (STF), admitiu não ter ocorrido tentativa de golpe nos atos de 8 de janeiro de 2023, na Praça dos Três Poderes, em Brasília",0
Maquiador de Michelle detona “ego e a vaidade” de Flávio Bolsonaro e prevê vitória de Lula,1
A hora da verdade para a delação de Daniel Vorcaro no STF,1
Câmara vota para derrubar veto de Lula a projeto que reduz pena de Bolsonaro; Senado precisa votar,1
"Nicolás Maduro denuncia Lula, José Dirceu e o Foro de São Paulo em tribunal e diz que o Cartel de Los Soles se integra ao Brasil",0
Áudios divulgados pelo Fantástico confirmam inocência de Jair Bolsonaro no golpe,0
Zema compara ministros do STF a coroa portuguesa em vídeo sobre inconfidência mineira,1
Governo Lula anuncia taxação de corridas de rua,0
Pesquisa eleitoral mostra que eleitor desaprova a economia,1
"Eduardo Paes pode levar eleição no Rio no primeiro turno, diz pesquisa",1
Nova pesquisa presidencial mostra desempenho de Caiado contra Lula e Flávio,1
Chefe da inteligência sofreu tentativa de homicídio após descobrir esquema de desvio de verba no Exército comandado por Lula e STF,0
Datafolha: Flávio Bolsonaro lidera com 46% contra 45% de Lula no 2º turno,1
"Haddad reduz distância para Tarcísio no 1° turno de SP, diz nova pesquisa Quaest",1
Nova pesquisa eleitoral mostra empate técnico entre Lula e Flávio no 2º turno,1
"Eduardo Bolsonaro, mesmo foragido, vira suplente em chapa do PL ao Senado por SP",1
Lula acionou o STF para não devolver o dinheiro das vítimas da fraude no INSS,0
Nova. Tribunal admite providência contra eleição de reitor,1
STF marca julgamento para decidir se Bolsonaro poderia ter bloqueado cidadãos em redes oficiais,1
Lula acusa Flávio Bolsonaro de querer vender Brasil aos EUA,1
"Pesquisa prevê empate de Lula com Flávio Bolsonaro, Caiado e Zema",1
Promotor pede a juiz que encerre investigação de corrupção contra a esposa de primeiro-ministro da Espanha,1
Lula x Flávio: o resultado de nova pesquisa no estado que costuma decidir o presidente,1
Flávio Bolsonaro promete mais mulheres e menos militares no governo,1
"Como o Flávio Dino tem a Ficha Limpa? Você tem 77 processos engavetados no Supremo Tribunal Federal que eu sei disso [...] O Lula não é Ficha Limpa, não podia ser candidato, mas foi",0
Bancada do Novo aciona TCU contra atuação da AGU e fala em censura indireta,1
O que diz a nova pesquisa Meio/Ideia sobre a disputa entre Lula e Flávio Bolsonaro,1
NYT revelou delação de Nicolás Maduro de cita Lula 17 vezes e menciona Alexandre de Moraes,0
"O ministro Alexandre de Moraes expediu uma ordem de prisão nesta quinta-feira para a deputada Paula Belmonte por expor no Parlamento dos Estados Unidos que Moraes se tornou ministro da Suprema corte por conta de uma chantagem que fez ao ex-presidente Michel Temer, onde Moraes solicitou serviços de um hacker para chantagear Temer com fotos eróticas de sua esposa para que Moraes fosse indicado para a vaga do ministro Teori Zavascki",0
A resposta de Tebet sobre ser vice de Haddad após brilhar em pesquisa do PT,1
"Lula mantém liderança no 1º turno, mas segue numericamente atrás de Flávio no 2º, mostra pesquisa AtlasIntel",1
Governo oficializa ex-ministro Paulo Pimenta como líder na Câmara,1
"Transferência de votos de Bolsonaro para Flávio nas pesquisas é ‘muito rápida’, diz diretora do Datafolha",1
Bolsonaro deixou obra da ponte sobre o Rio Araguaia parada por quatro anos,0
Bolsonaro deu 33% de reajuste para docentes das universidades federais e Lula 0%,0
O petista cotado para assumir a coordenação do grupo eleitoral de Lula,1
Polícia Federal confirma: Bolsonaro nunca usou cartão corporativo da Presidência,0
PGR se manifestou recentemente contra pedido de prisão de Bolsonaro,0
Gleisi diz que Guimarães fará na SRI articulação política com amplo respeito no Congresso,1
"Governo Lula gastou R$ 1,4 bilhão em cartão corporativo e Bolsonaro, R$ 27 milhões",0
Lula demite presidente do INSS,1
Lula x Flávio: quando será divulgada próxima pesquisa sobre disputa à Presidência,1
Senador se refere a Moraes como ‘cadáver sem empatia’ durante sabatina a Messias por vaga no STF,1
Este vídeo prova que o PT votou contra o Auxílio Brasil,0
Aliados de Lula buscam momento ideal para começar a desgastar Flávio Bolsonaro,1
"Lula segue com alta rejeição, eleitor acha que perdeu poder de compra",1
Lula disse que comprou votos para vencer as eleições de 2022,0
"Publicações acompanhadas por um vídeo da participação de Demétrio Magnoli no programa Em Pauta, da GloboNews, afirmam que o jornalista foi demitido após fazer comentários criticando a possível cassação do mandato do senador Sergio Moro (União Brasil) pelo Tribunal Regional Eleitoral do Paraná (TRE-PR) por abuso de poder econômico na pré-campanha eleitoral de 2022.",0
Dez anos do processo de impeachment de Dilma: por onde andam 10 nomes,1
"Lula vence 1° turno e vê Flávio Bolsonaro encostar no 2°, diz nova pesquisa Meio/Ideia",1
"O PT entrou com uma liminar, pedindo a anulação do Projeto do Bolsonaro com Israel para acabar com a seca do Nordeste, “a seca no Nordeste é cultural, quase um patrimônio, e não deve ser destruída”, disse Gleisi Hoffmann.",0
Rogéria Bolsonaro é testada em pesquisa ao Senado no Rio,1
Senado rejeita indicado de Lula ao STF e oposição fala em 'fim do governo',1
O relato de Messias sobre sua atuação durante impeachment de Dilma,1
Lula diz que mídia tem preferência política: 'não achem que esqueci do que fizeram comigo',1
The New York Times divulgou delação em que Maduro incrimina Lula e Moraes,0
China condena dois ex-ministros da Defesa à morte por corrupção,1
04/01/2026. O presidente Donald Trump publicou nas redes sociais uma carta endereçada a Jair Bolsonaro e voltou a dizer que o julgamento do ex-presidente brasileiro deve parar imediatamente,0
"Ministro Haddad diz em entrevista que o plano do governo é ""taxar tudo""",0
Uma tentativa de golpe está em andamento porque o TSE adiou para as eleições seguintes a proibição de voto entre presos provisórios.,0
Ratinho Jr. escolhe o seu candidato na disputa pelo governo do Paraná,1
"A FUNCIONARIA FANTASMA DO GOVERNO. Anieyl Gusmão Paiva filha do ex assessor de ministro do Governo Dilma Luiz Paiva, é funcionária COMISSIONADA no Governo Federal, ganhando 37 mil de salários mais 28 mil de auxílios. O que ninguém explica é que Anieyl mora na Irlanda já faz 5 anos.",0
Supremo Tribunal Federal (STF) condena Serasa a pagar indenização a todos os brasileiros que tiveram dados vazados,0
Messias disse a Lula que sairia do governo e presidente pediu para ele ficar; leia bastidor,1
Flávio Bolsonaro critica Lula e discursa em tom de campanha em sessão do Congresso,1
"Família Bolsonaro não deve se meter mais nas eleições do Rio, porque só apresentam ladrão', diz deputado ex-bolsonarista Otoni de Paula",1
Lula pediu ao STF para passar lua de mel em Dubai,0
"O auxílio-reclusão foi criado por Lula e os beneficiários recebem de R$ 2,5 mil a R$ 4 mil enquanto a família da vítima do crime fica desamparada. A saída temporária é concedida pelo STF, que é composto por ministros indicados por Lula",0
Senado rejeita indicação de Messias para o STF,1
Presidente Lula morreu e foi substituído por sósia,0
Decisão sobre eleição no Rio volta ao TSE após recurso,1
"A preocupação da cúpula militar do governo, diante do risco de Flávio Bolsonaro derrotar Lula",1
Ministro do TCU destrava processo de concessão da Ferrogrão,1
Fantástico solta áudio que confirma a inocência de Bolsonaro em caso de tentativa de golpe,0
"Encontrar uma liderança para substituir Lula 'não é simples', diz presidente do PT",1
"O conselho que Lula recebeu, após o Senado rejeitar a indicação de Jorge Messias ao STF",1
Guerra Civil à vista GRAVÍSSIMO!!! PT MANDOU O TSE CASSAR OS MANDATOS E TORNAR INELEGÍVEIS TODOS OS DEPUTADOS DO PL.,0
Novo Datafolha: três pontos de atenção na pesquisa sobre Flávio x Lula,1
"Datafolha: Lula tem 48% de rejeição, contra 46% de Flávio Bolsonaro",1
"COLUNA | Ex-prefeito de Bagé, Divaldo Lara virá a candidato a deputado federal",1
Kassab: ‘Não vejo nem Lula nem Flávio ganhando a eleição’,1
STF foi incluído em uma investigação do Congresso dos Estados Unidos e seus membros 'estarão sujeitos às penalidades legais e criminais do direito americano e internacional',0
Eduardo Bolsonaro ironiza encontro entre Lula e Trump: 'E a soberania nacional?',1
Datafolha: Avaliação negativa do governo Lula se mantém em 40%; positiva passa de 32% a 29%,1
Demétrio Magnoli é demitido da GloboNews após criticar a possível cassação do mandato do senador Sergio Moro.,0
Foto exclusiva mostra governo Lula preparando reação militar caso Trump cancele os vistos de Ministros do STF,0
"Moro comemora rejeição de Messias: ""Queremos STF independente de Lula""",1
PT está reinaugurando obras de Bolsonaro,0
O fator que pressiona Lula e é considerado por analistas a ameaça central à reeleição,1
Pesquisa aponta fragilidade na economia e acende alerta para Lula,1
"Em vídeo escondido pelo PT, Lula revela a verdadeira ideologia do partido",0
"Marcos Pereira, presidente do Republicanos: “Atacar o STF é lamentável”",1
Governo Lula vai descontar 35% do FGTS,0
"Lula x Flávio: o que a nova pesquisa AtlasIntel revela sobre a disputa, segundo diretor do instituto",1
"Com Lula, fraude no INSS pode passar de R$ 150 bilhões",0
Governo Lula soltou Marcola e outros 174 membros do PCC,0
Lula volta a mostrar vitalidade após especulações de desistência de reeleição,1
STF diz que Chiquinho Brazão não pode ser preso,0
Eduardo Bolsonaro ironiza incapacidade do STF de prender foragidos da trama golpista: ‘Ainda estamos aqui’,1
O duplo papel estratégico do novo ministro da articulação política de Lula,1
"Polícia federal.Porto de Santos. 60 baús de medicamentos cheios de bilhões de dolares. Nosso dinheiro do mais médicos que vai para Cuba e agora volta para financiar guerrilha armada do PT. Mais de vinte petistas preso em flagrante. Repassem. Repassem para o Brasil Inteiro saber o que eles fizeram com o nosso Brasil, e o destino da maldade que seria usado esse dinheiro! Disfarçados de etiquetas de medicamentos. Cheios de Dólares para espanto dos policiais.",0
Bolsonaro foi aplaudido ao chegar ao plenário do STF para o seu julgamento,0
Bolsonaro não usou cartões corporativos enquanto era presidente,0
"“LULA ontem, no lançamento de sua campanha, bêbado e falando besteiras. A cada besteira um gole de cachaça. Vejam a cara do puxa saco atrás dele. Quando o ladrão vai na garrafa a Bruna Marilena toma a garrafa da mão dele",0
Vídeo mostra Haddad dizendo que o plano do governo é taxar tudo,0
Escolha de André do Prado por Eduardo Bolsonaro para o Senado gera críticas de bolsonaristas,1
AtlasIntel: Lula amplia vantagem sobre Flávio Bolsonaro no 1° turno,1
Temer lamenta rejeição de Jorge Messias para o STF e defende PL da dosimetria,1
"Em evento na cidade de Porto Alegre (RS), o Senador Flávio Bolsonaro (PL-RJ) afirmou que pretende REVOGAR A ISENÇÃO DO IMPOSTO DE RENDA do Presidente Lula (PT-SP)",0
Tebet descarta ser vice de Haddad e diz que Lula é o líder mais forte para “derrotar a extrema-direita,1
Post diz que obra da ponte que liga Pará e Tocantins foi feita apenas no governo Lula,0
Ministro Fernando Haddad diz que governo analisa proposta para regulamentar casas noturnas de prostituição,0
Governo Bolsonaro não fez nada na ponte sobre o rio Araguaia,0
Bolsonaro foi hostilizado em restaurante de Buenos Aires com gritos a favor de Lula,0
Mauro Cid diz que não falou a palavra “golpe” em delação premiada,0
"Instituto Lula e Ipec, empresa de pesquisa eleitoral, ficam no mesmo endereço",0
"De volta, Delúbio Soares se lança à Câmara como “o cara de Lula”",1
"Mirando a reeleição, Lula acena com dinheiro e concessões aos evangélicos",1
Lula pediu ao TSE que retirasse das redes o vídeo em que Moro defende a Lava Jato,0
Flávio Bolsonaro ataca STF após ser investigado por fake news contra Lula,1
"Publicação usa vídeo de uma entrevista do ministro do Supremo Tribunal Federal (STF) Gilmar Mendes à emissora portuguesa RTP. Nela, o magistrado diz não ter ocorrido tentativa clara de golpe nos ataques em Brasília, em 8 de janeiro de 2023. O objetivo da publicação é questionar as prisões dos envolvidos após as investigações e julgamentos sobre os atos antidemocráticos.",0
"Lula exonera Wellington Dias, que volta ao Senado para reforçar apoio à aprovação de Messias",1
Alcolumbre quer pautar votação de veto de Lula ao PL da Dosimetria 'o mais rápido possível',1
Governo Lula vai cobrar IPVA e emplacamento de cadeiras de rodas e bicicletas elétricas a partir de janeiro de 2026,0
"Quem é José Guimarães, escolhido para comandar articulação política do governo Lula",1
A imprensa mentiu ao afirmar que a estadia do presidente Lula na França foi custeada com dinheiro público. França pagou os custos.,0
"Lula grava vídeo após decisão de Edson Fachin, ministro do STF, em 8 de março de 2021",0
Daniel Vorcaro fez delação premiada e decidiu entregar os ministros do STF (Supremo Tribunal Federal) Alexandre de Moraes e Dias Toffoli e o presidente Lula (PT),0
Maioria dos ministros do STF foram indicados por Lula,0
"Lula gastou R$ 1,4 bi no cartão corporativo e Bolsonaro apenas R$ 27 milhões",0
Bolsonaristas comemoram derrota histórica de Lula após Senado barrar Messias,1
Eleição sem internet: Lula pede ao TSE para proibir vídeos durante eleições,0
"‘Vocês não vão mais ouvir falar de Lula a partir de 2027’, diz Flávio Bolsonaro",1
Eleitor votou em um candidato e urna mostrou foto de outro em Brasília,0
Alcolumbre usa impeachment de ministros do STF como moeda de troca por reeleição,1
Presidente Lula manda resposta afiada às declarações do presidente americano Donald Trump sobre os Estados Unidos não precisarem do Brasil.,0
A nova pesquisa Real Time Big Data sobre disputa presidencial entre Lula e Flávio,1
"O aplicativo do TSE , denominado de Pardal, criado para denúncias de propaganda eleitoral irregular e outras afrontas a lei eleitoral não permite denúncias contra o PT.",0
Ex-ministro Paulo Pimenta assumirá a liderança do governo na Câmara,1
Projeto de poder: acordo com bolsonaristas prevê reeleição de Alcolumbre à presidência do Senado,1
A Polícia Federal pede a prisão do Alexandre de Moraes por fraudar Documentos falsos contra o Jair messias Bolsonaro.,0
Técnicos do IBGE estão sendo demitidos porque se recusam a maquiar números do PIB para favorecer o governo Lula,0
Coordenador da campanha de Lula diz que Flávio Bolsonaro bateu no teto,1
O nome de Lula para tentar tirar o governo do Rio das mãos da direita,1
"Quem é Jorge Messias, indicado por Lula ao STF que será sabatinado no Senado",1
Foi pedida a prisão de Bolsonaro; Polícia Federal monitora fuga,0
Comparação entre Lula e Bolsonaro falando inglês,0
*DIVULGUE EM TODAS AS REDES SOCIAIS.* *ALEXANDRE DE MORAES ASSUME QUE HOUVE FRAUDE NAS ELEIÇÕES.* *Safado admite que fraudou eleições e depois gagueja arrependido da própria denuncia.*,0
Diretor-geral da Polícia Federal acaba de afirmar que quem mandou matar Jair Bolsonaro foi Lula e o STF,0
Conversa entre Alexandre de Moraes e engenheiro da Oracle confirma que houve fraude nas urnas,0
STF diz que Chiquinho Brazão não pode ser preso e Alexandre de Moraes mandou soltá-lo,0
Deputado federal é condenado por fake news durante campanha eleitoral,1
Eleição na Hungria: Viktor Orbán conta com voto rural para tentar se manter no poder,1
Apoio de Trump pode custar pontos a candidatos na eleição presidencial do Brasil,1
The Guardian' cita vídeos de Lula fazendo exercícios físicos nas redes em busca do 4º mandato,1
"Dica de sertanejos para nunca mais escutar: Chitãozinho e Xororo, Daniel, Paula Fernandes, Michel Telo, Marcos e Belutti, Luan Santana, estão no clipe da campanha do Lula",0
PT elegeu apenas 46 prefeitos na eleição municipal de 2024,0
Há relação entre o ministro do STF Alexandre de Moraes e o acidente aéreo que vitimou o ministro Teori Zavascki.,0
Pré-candidato a governador pelo PL é eleito presidente da Alerj pela segunda vez,1
Vídeo mostra abandono de ambulâncias compradas no governo Bolsonaro,0
"Lula e o PT construíram embaixada para o Hamas guardar armas e bombas, vídeo passou na TV Senado e foi censurado",0
"Com Dino, STF tem 3 votos para condenar Eduardo Bolsonaro em processo contra Tabata",1
Câmara da Maia alerta população para tentativa de fraude,1
Lula e Dilma têm contas na Suíça com R$ 300 milhões,0
"Ministro do STF Luís Roberto Barroso tem vale alimentação de R$90 mil por mês, R$11 mil de auxílio aluguel e direito a 220 funcionários. Os 11 ministros custam R$700 milhões aos bolsos dos brasileiros só com regalias.",0
"Nova pesquisa Quaest mostra avanço numérico inédito de Flávio Bolsonaro, mas com sinais de alerta",1
"Preços pesam no bolso do eleitor e corroem apoio a reeleição de Lula, mostra Quaest",1
Justiça nega pedido de Gleisi em ação contra Flávio Bolsonaro,1
Empresário confessa fraude milionária no INSS e assina delação com a PF,1
"BOLSONARO , O GOVERNO DO ÓDIO FEZ A PONTE ‼️ LULA , O DESGOVERNO DO AMOR INTERDITOU ‼️ Bolsonaro fez a ponte Lula interditou e faz o povo agora tem que pagar para atravessar o Rio Araguaia",0
Deputado José Guimarães (PT-CE) assumirá a Secretaria de Relações Institucionais,1
Governo Lula realocou recursos do Bolsa Família para Secom,0
PT pagou 50 bilhões pela inelegibilidade de todos os deputados do PL,0
Veículo do exército venezuelano atropelou manifestantes opositores ao regime de Nicolás Maduro contrários à reeleição do ditador,0
Roberto Jefferson afirma que Ibope e Folha fizeram pesquisa fake na eleição em Porto Alegre,0
"Daniel Vorcaro surtou na prisão e ""entregou tudo"". O nome de Lula e do STF na boca do banqueiro",0
Michelle nega veto a Mário Frias ao Senado por SP e diz que decisão será de Jair Bolsonaro,1
Papa Leão XIV citou o ex-presidente Jair Bolsonaro como “exemplo de líder que defende a fé cristã” e orou por ele.,0
"Guimarães assume articulação, mas avanço de pautas depende de Lula e presidentes",1
Nova delação de Maduro nos Estados Unidos cita Moraes e outros ministros,0
Alerj pede ao STF que Douglas Ruas assuma o governo do Rio,1
Papa Leão 14 disse que Lula é o maior presidente do mundo e que o admira.,0
"Presidente dos Estados Unidos, Donald Trump, diz que o Supremo Tribunal Federal (STF) deu um golpe de estado no Brasil junto com o presidente Luiz Inácio Lula da Silva e com a cúpula das Forças Armadas.",0
"Patrimônio de Wagner Moura pulou de R$ 26 milhões de dólares para R$ 40 milhões no governo Lula""",0
"Novo embate com Trump anima PT, mas traz um risco para Lula e STF",1
Polícia Federal aponta possível fraude no sorteio da Mega da Virada,0
"Lula e Flávio Bolsonaro lideram índice de rejeição por eleitores, diz Datafolha",1
Lula transforma Janja em copresidente e cria gabinete com 189 cargos,0
É golpe: Folha põe o Datafolha a serviço de nova tentativa de enfraquecer o STF,1
TCU vê indício de fraude em gasto de R$ 55 mil de Bolsonaro com cartão corporativo no Planalto,1
Lula x Flávio: a nova pesquisa Real Time Big Data sobre a disputa nos 1° e 2° turnos das eleições,1
Lula ladrão seu lugar é na prisão em plena propaganda eleitoral na Marquês de Sapucaí,0
"Após recuo estratégico, Ciro Nogueira articula por papel na chapa de oposição a Lula",1
Documentos do governo alemão provam que pandemia foi uma fraude,0
"Vídeo de três minutos no qual um homem alega que Gleisi Hoffmann, presidente nacional do Partido dos Trabalhadores, teria feito uma série de afirmações sobre a aposentadoria de integrantes das Forças Armadas e policiais militares. Segundo o autor, a parlamentar teria dito que a previdência desse grupo será incorporada ao Instituto Nacional do Seguro Social (INSS), que haverá revisão da idade mínima para aposentadoria e a revogação da pensão por morte do cônjuge, e que militares e forças auxiliares não devem ter benefícios maiores do que o restante da sociedade.",0
Diálogo mostra atitude de Lula durante interrogatório feito por Sergio Moro,0
Datafolha: 55% dizem acreditar que ministros do STF estão envolvidos no caso do Banco Master,1
Boletim de urna no lixo prova que houve fraude na eleição de 2018,0
Governo Bolsonaro gastou menos que governo Dilma com viagens no primeiro ano,0
STF marca julgamento para decidir se Bolsonaro poderia ter bloqueado cidadãos em contas oficiais,1
PT estimula Kassab a patrocinar candidato de centro em SP; entenda,1
"Flávio Bolsonaro: Derrota não é de Messias, mas do governo Lula",1
Senado vota indicação de Messias para o STF após trégua com Alcolumbre,1
"Pesquisas eleitorais: um ‘presente’ de Lula acelera avanço de Flávio, segundo especialistas",1
Motta deu aval para substituto de Gleisi escolhido por Lula,1
Quebramos! Deputado do PT diz que o governo está sem dinheiro para manter o básico!,0
O que diz a nova pesquisa BTG Pactual/Nexus sobre o segundo turno entre Lula e Flávio Bolsonaro,1
Deputados estaduais do PR batem boca após crítica a Sergio Moro,1
"Câmara vota por derrubar veto de Lula e mantém PL da Dosimetria, que beneficia Bolsonaro",1
Veja os nomes dos 31 senadores que votaram contra Flávio Dino no STF,0
Lula confirma Paulo Pimenta como líder do governo na Câmara,1
"Lula avança e pressiona Flávio Bolsonaro na disputa em SP, diz pesquisa",1
E se Lula não for candidato nas eleições de 2026?,1
"‘Soldado de Lula’, João Campos firma aliança com nomes do PL em Pernambuco",1
Lembrança verdadeira: dez anos do golpe e da mentira organizada contra Dilma Rousseff,1
Frases preconceituosas do presidente Lula,0
O TSE vetou a campanha de vacinação do Ministério da Saúde contra poliomielite,0
O recado de Hugo Motta ao governo Lula e ao STF sobre a revisão de penas de golpistas,1
Fortuna de Wagner Moura subiu de US$ 26 mi para US$ 40 mi na gestão Lula,0
Reportagem do Jornal Nacional mostra que Bolsonaro é inocente da acusação de golpe de Estado,0
Ratinho diz que governo Lula é melhor do que Bolsonaro e que o petista é o verdadeiro pai dos pobres,0
Rodrigo Pacheco ameaçou ministros após não ter sido indicado por Lula ao STF,0
Candidato que atirou dinheiro à população em Coari (AM) é do PT,0
PT entrou com ação no TSE para cassar os mandatos de todos os deputados do PL,0
PL vai consultar TSE sobre candidatura de Eduardo Bolsonaro ao Senado como suplente,1
A POPULAÇÃO DE RORAIMA VARREU PT DO MAPA O PARTIDO DAS TREVAS NA LATA DO LIXO RORAIMA VIROU PARAÍSO Governador do PT: 0 Senador do PT: 0 Deputados federais do PT: 0 Deputados estaduais do PT: 0 Prefeitos do PT: 0 Vereadores do PT: 0 O,0
A condição do STF para aceitar delação de Vorcaro,1
"De saída, ministro critica políticas do governo Bolsonaro para setor aéreo",1
"Lula reinaugurou refinaria Abreu e Lima, fechada no governo Bolsonaro, e vai recontratar 3 mil funcionários",0
Banco do BRICS: Dilma e ministro de Minas e Energia discutem ampliar parcerias em infraestrutura,1
Merval Pereira afirmou que STF colocou o país à disposição de Lula e comunistas,0
"Pesquisas eleitorais: as armas de Lula e Flávio que podem mudar o jogo, segundo diretor do Real Time Big Data",1
"Até agora, nada vincula Lulinha a desvios de recursos do INSS, diz presidente do PT",1
"Paraná Pesquisas: Flavio continua à frente de Lula em SP, mas diferença cai",1
Decisão do TSE de manter direito de voto a presos na eleição de 2026 é golpe,0
"Na Argentina ta tudo normal! STF da Argentina foi fechado a força, os ministros sumiram. Colocaram o amigo de Lula, Dória e STF na presidência e se arrependerem.",0
Partidos acionam Justiça contra personagem de IA que viraliza com vídeos atacando Lula e o STF,1
Eleitores de SC criticam oportunismo e rejeitam Carlos Bolsonaro,1
Vídeo mostra pessoas mortas pelo regime de Maduro após manifestações contra a reeleição,0
"Bolsonaro tem evolução clínica 'satisfatória' e 'melhora sutil' no pulmão, dizem médicos ao STF",1
"Em Guarapari-ES um patriota pintou sua casa e o piso da frente com as cores da bandeira do Brasil e, a justiça eleitoral, exigiu que o patriota sob pena de multa, retirasse tudo. Ele foi obrigado a pintar novamente. A censura/DITADURA está latente",0
"Como católicos e evangélicos veem Lula e Flávio Bolsonaro, segundo o Datafolha",1
Ambulâncias compradas pelo governo Bolsonaro foram boicotadas e abandonadas por governadores e prefeitos de esquerda,0
"Depois de imagens do Bolsonaro na embaixada da Hungria, manifestantes pedem demissão de primeiro-ministro",0
"Governo Lula calcula economia de R$ 80 bilhões em gastos em 2027, mas indica dívida subindo até 2029",1
Sergio Moro é investigado por enriquecimento ilícito.,0
Flávio critica Lula com vídeo sobre fome gravado no governo Bolsonaro,1
Aliados de Pacheco veem indicação ao STF como 'página virada' e 'governo de MG ou nada',1
Trump disse que reconhece somente Lula como presidente e que não concederia asilo político a Bolsonaro.,0
Tudo sobre a disputa entre Tarcísio e Haddad na 1ª pesquisa Quaest em SP,1
Lula beija o dono da Choquei que foi preso pela PF,0
Vaza áudio em que Aldo Rebelo critica PT e Temer por causa dos combustíveis,0
"Lula e outros integrantes do PT tiraram foto com o ex-líder do Hamas, Khalid Meshal",0
CPI do Crime Organizado rejeita relatório que mirava ministros do STF e PGR,1
"Preço da Gasolina durante Bolsonaro era R$ 9,78 o litro e com Lula é de R$ 5,26",0
Hino Nacional foi cantado errado durante lançamento da pré-campanha de Lula,0
"Torcidas organizadas anunciam ato pela democracia na avenida Paulista no mesmo dia e local que Bolsonaro e patriotas. O ato é chamado de ""Domingão do Arrebatamento"" e é assinado pela Gaviões da Fiel, Mancha Verde e Galera do Hip Hop",0
Governo Lula quer criar novo imposto para cobrir rombo causado por fraudes do INSS,0
"Em Sapiranga, ao digitar número de candidato, eleitores viram a foto de outra pessoa",0
Charlie Hebdo publicou charge com Lula e ofensa ao STF,0
Bolsonaro passa a perna em Lula e recebe os brasileiros primeiro q Lula,0
Dino dá 3º voto para condenar Eduardo Bolsonaro por difamação contra Tabata,1
Pesquisa Real Time Big Data testará efeito do caso Messias no embate Lula x Flávio Bolsonaro,1
O que diz a nova pesquisa Real Time Big Data sobre disputa entre Lula e Flávio Bolsonaro,1
Ponte rodoferroviária Rollemberg-Vuolo é um feito do governo Bolsonaro,0
Especialistas analisam fala de Gonet sobre cobranças para investigar ministros do STF,1
"Agora fedeu de vez pro JAIR!!! Acredite se puder, ou melhor, não acredite, confira: a cada onde mora o MATADOR de Marielle e Anderson pertence ao PRESIDENTE BOLSONARO. Está na declaração de bens dele ao TSE.",0
"‘Se Flávio Bolsonaro vencer, eu vou embora para Cuba’, diz Lula",0
As campanhas do governo Lula que são temidas pela campanha de Flávio Bolsonaro,1
Motoboys estão se manifestando contra o governo Lula.,0
Líder do PT vê recado de Lula à base ao evitar cravar candidatura à reeleição,1
"Em disputa pelo Senado, Feliciano confronta Flávio Bolsonaro em igreja",1
Trump mandou Eduardo Bolsonaro se calar e marcou encontro com Lula na ONU,0
Campanha de Haddad arma ofensiva em três frentes contra Tarcísio,1
Lula vetou perdão de Bolsonaro às dívidas do Fies,0
"O mesmo país que supostamente elegeu Lula escolheu prefeitos do PT em apenas 46 cidades, enquanto o PL de Bolsonaro elegeu 508 prefeitos",0
"ABC mostrou resultado da eleição presidencial na Pensilvânia dias antes do pleito, o que prova fraude",0
"Novo Datafolha: como fica a disputa de rejeição entre Lula, Flávio, Caiado e Zema",1
José Dirceu articula no exterior dinheiro para pagar a propina para os Deputados e senadores para não aprovar o voto Auditavel . Segundo fontes o valor pago será de 5.000.000 milhões para cada deputados e senadores ....,0
Luiz Antônio Manrrantem denunciou políticos de esquerda que participaram da facada de Bolsonaro.,0
"Elogio de Trump, tour na Casa Branca, três horas de reunião: como foi o encontro de Lula com o presidente americano",1
Flávio Bolsonaro cresce e ameaça Lula no 2º turno; veja todas as pesquisas divulgadas na última semana,1
Leão XIV se declara a Lula e diz que ele é o melhor presidente do mundo,0
"Vídeo mostra canal do Rio São Francisco cheio e afirma que a gravação é de março de 2022 no governo Bolsonaro, em seguida exibe imagens de um canal seco e afirma que é de setembro de 2023 no governo Lula",0
Pesquisa Real Time Big Data: só um pré-candidato não empata com Lula em eventual segundo turno,1
"Terceiro mandato de Lula bateu recorde de emendas parlamentares pagas, com R$ 30 bilhões em 2023, R$ 37 bilhões em 2024 e previsão de R$ 58 bilhões em 2025",0
Ponte do Rio Araguaia foi completamente construída no governo Lula,0
Estadão Verifica persegue e censura a mando de Alexandre de Moraes e recebe recursos do Supremo Tribunal Federal,0
Haddad lança estratégia para enfrentar Tarcísio nos debates e nas urnas,1
"Posts dizendo que torcidas organizadas como a Gaviões da Fiel, do Corinthians, e a Independente, do São Paulo, marcaram um ato em defesa da democracia e contrário a Jair Bolsonaro (PL) no dia 25 de fevereiro, às 15h30, na avenida Paulista, em São Paulo.",0
Censura a Eva Cruzeiro: Aguiar-Branco defende que sentido de voto é “definitivo”,1
"O que você acha deste cara quando era ADVOGADO DO PSDB, ouçam bem o que ele fala dos ministros do STF. Agora ele é um dos que tá lá VOCÊ CONFIA NESTE CARA",0
"Lula e Flávio Bolsonaro aparecem empatados em eventual 2º turno, aponta Datafolha",1
Governo Lula vai pra cima dos pobres e pode confiscar FGTS de endividados,0
Polícia Federal descobre que Moraes prendeu Bolsonaro por dinheiro,0
PL da Dosimetria: Veja como votaram os deputados e senadores para derrubar o veto de Lula,1
"Alegação: Putin diz que, na Rússia, Bolsonaro teria sido condenado à morte por tentativa de golpe",0
Flávio Bolsonaro diz que Eduardo terá papel decisivo na definição de chapa ao Senado em São Paulo,1
Lula recebeu notificação direta de Donald Trump para libertar Bolsonaro,0
STF é investigado pelo Congresso dos EUA e pode ser punido criminalmente,0
"Quando a Dilma deixou o governo, a gente tinha 4,3% de desemprego",0
"Lula e Flávio Bolsonaro lideram rejeição na corrida presidencial, ambos com 48%, diz BTG/Nexus",1
Brasil. Ex-presidente de banco público detido por corrupção,1
Lula foge do palácio aos gritos de volta Bolsonaro,0
Líder do governo José Guimarães será o novo ministro da SRI,1
"Não serão punidos, infelizmente, graças ao decreto assinado em 2015 por Dilma Rousseff que considera rompimento de barragens, desastres NATURAIS.",0
"Vitória de Lula pode ser tão estratégica para Trump quanto a de Flávio Bolsonaro, diz professor Guilherme Casarões",1
Imagem de camisa ‘polêmica’ expõe um dilema da campanha de Flávio Bolsonaro,1
Lula e Trump: o que os dois presidentes querem ganhar com encontro na Casa Branca?,1
"Fux rebate Gilmar no STF: “Se políticos do RJ forem ao inferno, vão com altas autoridades”",1
Governo do PT vai acabar com o Bolsa Família,0
Leonel Brizola avisou há 22 anos sobre o governo de Jair Bolsonaro,0
Jorge Messias chorou após votação no Senado que o rejeitou para o STF,0
Petista Odair Cunha vence eleição para o TCU com apoio de Motta e direita fragmentada,1
"Um aniversário, um ministro do STF e os políticos em torno de Vorcaro em Brasília",1
"Marina: derrota com Messias não foi para o presidente Lula, quem perdeu foi o Brasil",1
Daniela Lima admitiu que o governo Lula está frágil e cercado por conflitos,0
Flávio Bolsonaro anuncia apoio a Soraya Santos (PL-RJ) na disputa por vaga do TCU,1
Relator da CPI do Crime diz ter 'absoluta certeza' de que prisão de ministros do STF 'vai chegar',1
"Com Lula no Planalto, INSS chega ao quarto presidente em menos de quatro anos",1
Ministro do STF Alexandre de Moraes foi afastado das funções,0
STF decide como será a eleição no Rio com cassação de Castro; entenda a origem e o que está em jogo,1
já que no Governo Dilma foi assinado um tratado onde o Brasil cedeu por 25 anos parte da costa brasileira para pesca chinesa. A TONTA DA DILMA SÓ TROUXE PREJUÍZOS AO BRASIL.,0
"Haddad diz que a eleição já acabou, agora pede dinheiro para os eleitores.",0
"Lula tem 40% de avaliação negativa e 29% de positiva, diz pesquisa Datafolha",1
"Após anúncio do Ministro Sérgio Moro que a PF irá investigar as mortes por Covid 19, cai o número de mortos em todo País.",0
Pesquisa mostra equilíbrio entre Flávio Bolsonaro e Lula no segundo turno,1
Indígenas se manifestando contra a reeleição do ditador Nicolás Maduro no dia 30 de julho de 2024,0
"O PT foi tão bom para o trabalhador, mas tão bom, que o salário mínimo é menor que o auxílio reclusão. No governo do PT, o ladrão ganha mais do que o trabalhador.",0
Lula mandou um recado pra Bolsonaro ao vivo e o ex-presidente chorou no hospital ao assistir,0
"""BOMBA EM BRASÍLIA: Lula aparece no hospital onde Bolsonaro se recupera e o 'porquê' dessa visita está deixando TODO MUNDO sem chão!""",0
A arma de Haddad para tirar votos de Tarcísio na corrida pelo governo de SP,1
TSE admite que o PCC tem sim uma ligação com o PT de Lula,0
Isso tudo está no estatuto do PT. Lula vai tomar o seu dinheiro,0
Deputado do PT propôs projeto para descarregar armas de policiais,0
Comando Vermelho e PT apoiam abertamente reeleição de Eduardo Paes,0
A Caixa deve dinheiro aos cidadãos por cobrança de taxas ilegais e juros abusivos. Ministro Fernando Haddad orienta sobre como obter a indenização que pode chegar a 7 mil reais,0
Ex-PCC diz que facção ordenou voto em Lula,0
"Boulos, Dilma e Lula registraram a virada na eleição coincidentemente às 18h45",0
"Lula questionou: “se a mulher entrar na política, quem é que vai fazer a janta?""",0
Marçal gastou zero reais em campanha eleitoral,0
Quem lidera a disputa para a Presidência na eleição de 2026? Veja o agregador de pesquisas da BBC News Brasil,1
Ação penal contra Eduardo Bolsonaro no STF entra na reta final,1
Lula sai correndo da COP30 para impedir delação de Maduro e entra na mira dos EUA,0
Pesquisa eleitoral mostra que Flávio Bolsonaro ultrapassa Lula no 2º turno,1
"Lula: 'A direita diz que Ramagem foi preso por multazinha, mas ele foi condenado por golpe'",1
"A criminalidade está misturada no Brasil. Temos o Estado oficial e o Estado paralelo', diz coordenador de campanha de Lula",1
Pesquisa Quaest: velocidade de Flávio e votos soltos embaralham disputa com Lula,1
Decreto de Dilma sobre barragens tira responsabilidade das empresas,0
Flávio Bolsonaro critica governo Lula com imagens gravadas durante gestão do pai; governistas reagem,1
Como Lula e Flávio Bolsonaro estão definindo seus palanques estaduais para 2026,1
2022: Ministros do TSE consideram crime diminuir preço de combustível em ano eleitoral. 2026: Entenda o pacote de Lula para reduzir o preço do diesel,0
Juiz recusa pedido de Bolsonaro para excluir post de deputado; entenda,1
"Lula convoca militância do PT para campanha: 'política se faz olhando no olho, não no sofá e no zap'",1
Deputado explica por que Flávio Bolsonaro deve ‘surpreender’ nas próximas pesquisas,1
Flávio Dino campeão em processo por corrupção! bandido agora vai ser ministro da segurança! calma ele só tem 277 processos por ladroagem,0
Por que governo Lula está de olho nas eleições que podem tirar 'irmão' de Bolsonaro do poder na Europa?,1
Encontro de ministros do STF com influenciadores foi financiado com dinheiro público,0
"O Lula sobe 1% a cada 0,5% que Jair Bolsonaro cai",0
Governo Lula dá permissão a grupo bilionário para atuar em terras indígenas,0
Governo do RS amplia combate à fraude fiscal com monitoramento em tempo real,1
As razões para o otimismo do governo sobre aprovação de Messias para o STF,1
Flávio Bolsonaro diz que Lula fez time para atacá-lo e vai à Justiça,1
TSE destruiu 200 mil urnas para apagar rastros de fraude e enterrar chances de autoria nas eleições,0
Declaração de Barroso sobre papel político do STF configura crime de responsabilidade,0
"Após fala de Moraes, Fux dá lição de moral em colegas do STF em meio a julgamento de Bolsonaro",0
"TSE foi hackeado por um adolescente de 14 anos, que filiou Lula (PT) ao PL, partido de Jair Bolsonaro.",0
Delegado revisa inquérito e conclui pela segunda vez que não houve interferência de Bolsonaro na PF,1
A aposta religiosa de Flávio Bolsonaro para tentar acelerar vantagem nas pesquisas,1
Ministro do STF Luiz Fux disse que demais ministros querem implementar uma ditadura no país,0
Agora é oficial: Bolsonaro será candidato para a Presidência em 2026,0
"Inclusive, quando o Bolsonaro era presidente, ele deixava ter o Bolsa Família com renda alternativa. (…) O Lula ganhou, a primeira coisa que ele fez foi revogar isso.",0
Ministros do STF receberam valores milionários para manipular as eleições de 2022,0
Mauro Cid não usou o termo ‘golpe’ em delação à PF,0
"Governo Federal repassou R$ 8,9 bilhões ao Amazonas, portanto, o caos é culpa do superfaturamento e da corrupção",0
Ministro do Supremo Tribunal Federal (STF) Gilmar Mendes nunca teve registro na Ordem dos Advogados do Brasil (OAB),0
Bolsonaro foi inocentado da acusação de tentativa de golpe de Estado,0
Moraes abre inquérito para apurar suposta calúnia de Flávio Bolsonaro contra Lula,1
Advogado do almirante Garnier DELATA BOLSONARO AO VIVO E EM CORES. Ele revelou que quem deu 'curso prático de golpe' foi o ex-presidente,0
"A pedido do PT, STF decide que quem não quitar dúvidas não poderá mais dirigir e nem sair do país",0
Governo romeno cai após aprovação de moção de censura,1
"Zanin e Moraes, do STF, votam para manter decisão do TSE que cassou Rodrigo Bacellar",1
"Pesquisa: favorito no Paraná, Sergio Moro tem chance de vencer no primeiro turno",1
"Alegações de fraude eleitoral de Trump espalham desconfiança antes de eleições, mostra pesquisa Reuters/Ipsos",1
O bispo que pode servir de guia para Flávio Bolsonaro entre eleitores católicos,1
Nikolas diz que candidaturas do PL em Minas vão servir à campanha de Flávio Bolsonaro à Presidência,1
"Pesquisa eleitoral: os três estados decisivos na disputa entre Lula e Flávio, segundo a Quaest",1
Mauro Cid afirmou em delação que Bolsonaro não daria golpe,0
"Em novo depoimento à POLÍCIA FEDERAL, Adélio Bispo abre o jogo sobre facada em Bolsonaro e diz que PT o contratou em 2018 PARA MATAR O CANDIDATO A ELEIÇÃO PRESIDENCIAL, JAIR MESSIAS BOLSONARO",0
Trump manda recado em português para o Brasil com críticas ao ministro Alexandre de Moraes e ao STF,0
"Flávio Bolsonaro tem 45,3% contra 44,7% de Lula no 2º turno, aponta pesquisa",1
"Governo Bolsonaro gasta R$ 27,6 milhões em 4 anos no cartão corporativo. Governo Lula gasta R$ 1,4 bilhão no cartão corporativo.",0
Magno Malta criticou Flávio Bolsonaro e Jair Bolsonaro por 'rachadinha' e disse esperar que Flávio saísse preso de CPMI,0
Juíza que atuou ao lado de Moro na Lava-Jato manda recado para Lula (PT),0
"""Exclusivo. Nordeste solta a mão de Lula e abraça Flávio Bolsonaro como solução""",0
PEC que limita poderes do STF é aprovada no Senado em setembro de 2024,0
Datafolha: o que dizem as últimas duas pesquisas sobre Lula x Flávio,1
"Congresso americano dá 48 horas para o STF entregar os documentos do X. Caso não atendam o pedido, será aplicada uma multa de 100.000 dólares por dia, se persistirem será decretada a prisão de Alexandre de Moraes relator dos processos.",0
"Por unanimidade, STF mantém prisão de ex-presidente do BRB",1
Sobrinho de Dilma reage após virar réu em ação movida por Nikolas,1
O que explica derrota histórica de Lula no Senado,1
Flávio Dino dá terceiro voto para condenar Eduardo Bolsonaro por difamação contra Tabata,1
Diretora do PSOL grava vídeo criticando governo Lula,0
Fraudes no INSS financiaram campanhas eleitorais do PT,0
Vídeo mostra Luciano Hang comemorando indicação de Flávio Bolsonaro para disputar eleição presidencial de 2026,0
"Deputados oficializam candidatura a ministro do TCU; Odair Cunha, do PT, tem apoio de 12 siglas",1
"Olha o Lewandowski algemado em 1965, por ser Comunista e Terrorista do Grupo Guerrilheiro MR 8! Entendeu porque o Lula o colocou no STF",0
"A exemplo da oposição, PT resolve pegar carona eleitoreira na impopularidade do STF",1
Lula sai correndo da COP-30 para impedir delação de Maduro e entra na mira dos EUA,0
Governo Lula liberou as bets no Brasil,0
"Como está a rejeição dos candidatos à presidência, segundo o Datafolha",1
Flávio Bolsonaro usa eleição do TCU na Câmara para expor ‘hipocrisia’ de Lula,1
"Se Flávio Bolsonaro vencer, eu vou embora para Cuba, diz Lula",0
Deputado do PT diz que governo está sem dinheiro para manter o básico,0
Flávio Bolsonaro investigado por calúnia a Lula,1
Líder do PT critica Senado e diz que rejeição de Messias é derrota da democracia e do povo brasileiro,1
PT pediu ao STF apreensão de CNH e passaporte de endividados,0
"Homem dançando ao lado de Flávio Dino, ministro do Supremo Tribunal Federal (STF), é Domingos Brazão",0
Datafolha: 75% afirmam que ministros do STF têm poder demais,1
Direita se mobiliza para barrar nome do PT no TCU,1
Lula e Janja pagaram R$ 31 milhões em ternos a alfaiate envolvido em fraude do INSS,0
Cármen Lúcia segue Moraes e STF avança para condenar Eduardo Bolsonaro,1
Ministro Alexandre de Moraes libera passaporte de Jair Bolsonaro,0
PL pede que PGR investigue PT por vídeo associando Flávio Bolsonaro ao Banco Master,1
Nikolas Ferreira diz que ministro Luiz Fux precisa concluir pesquisa para libertar Bolsonaro,0
Eduardo Bolsonaro foge de depoimento ao STF; entenda,1
​​PT usou ônibus escolares para levar partidários a um comício de Lula em Florianópolis,0
Lula escolhe Paulo Pimenta para liderança do governo na Câmara,1
OCDE chamou o STF de cúmplice da corrupção e vai reagir contra a Corte,0
"Totalização travou e Bolsonaro perdeu 0,10% a 0,15% de votos a cada 2 ou 3 de minutos por uma hora, o que prova que houve fraude",0
Idade de Jair Bolsonaro impede que ele eventualmente possa cumprir pena de prisão se for condenado,0
Governo decidiu amplificar a crise da derrota histórica de Lula,1
O candidato democrata à Presidência dos Estados Unidos Joe Biden estava com ponto eletrônico no debate com Donald Trump,0
"CGU apontou 35 mil irregularidades em processos licitatórios do governo Lula que são crimes de corrupção, fraude e lavagem de dinheiro.",0
Ex-presidente Lula diz que PT é uma organização criminosa,0
Juiz encontrado morto em Aracaju incluiu irmão de Lula em inquérito do INSS,0
PGR pediu condenação de Gleisi Hoffmann em outubro de 2025,0
O Tribunal Eleitoral rejeitou o processo de inelegibilidade de Bolsonaro e ele voltará em 2026.,0
Lindbergh minimiza pesquisa Datafolha e diz crer em reeleição de Lula,1
"As ligações da família Bolsonaro com Viktor Orbán, que perdeu eleição na Hungria após 16 anos",1
"Por Messias no STF, governo negocia cargos para aliados de Alcolumbre e centro",1
Lula oficializa chapa em SC com candidato que apoiou Bolsonaro em 2018,1
"JÁ QUE A ESQUERDA E A PRÓPRIA FAMILIA DE MARIELLE NAO FALA MAIS DELA EU COMEÇO O DOMINGO PERGUNTANDO QUANDO VAI TER PRISÃO DO PETISTA DOMINGOS BRASÃO, ACUSADO DE MANDAR MATAR MARIELLE? #lula #bolsonaro QUEM MATOU MARIELLE? FOI ELE!!!",0
FAZ O L: Advogada do Lula Deolane Bezerra é PRESA! Isso que dá fazer piada com Bolsonaro,0
"O ministro da Fazenda, Fernando Haddad, ostenta vida milionária com apartamento, carro, fazenda e acessórios de luxo.",0
Lula não se pronuncia sobre rejeição de Messias e Haddad lamenta: 'Gosto amargo',1
Reajuste do salário dos professores: piso do amor do Lula R$ 18 e piso do ódio do Bolsonaro R$ 959,0
"Pesquisas eleitorais: após novo Datafolha, como fica a disputa Lula x Flávio",1
"55% dos brasileiros acreditam que ministros do STF estão envolvidos no caso Master, diz Datafolha",1
"Felizmente também eu gasto muito pouco em campanha (...) Gastei uma soma insignificante, absolutamente declarada na Justiça Eleitoral.",0
Ministro de Lula é recebido calorosamente no Rio Grande do Sul,0
MPF confirmou que não houve corrupção no governo Bolsonaro durante a pandemia,0
Roger Waters envolvido em esquema de corrupção do PT,0
Vorcaro surtou na prisão e admitiu pagamentos a ministros do STF e para o governo Lula,0
Ministro do TSE nega ‘intervenção’ na Rede pedida por filiados,1
PT quer aliança com PSDB para fortalecer disputa pelo governo de São Paulo,1
Moro denuncia manobra do governo Lula para sabatina de Messias na CCJ do Senado,1
"O colégio eleitoral onde Lula tem mais que o dobro de votos que Flávio, segundo pesquisa",1
Lula diz no Piauí que políticos não devem cuidar de pobres,0
"Candidata à prefeitura de Imperatriz (MA), Mariana Carvalho (Republicanos) posta pesquisa eleitoral falsa",0
Derrota histórica de Messias eleva tensão política e enfraquece candidatura de Lula,1
STF descobriu que Lula foi o mandante da fraude no INSS,0
PT votou contra Auxílio Brasil,0
Ciúmes? Salles ataca Eduardo Bolsonaro por decisão “vergonhosa” sobre Senado em SP,1
"Genial/Quaest: Tarcísio lidera contra Haddad em SP, e Tebet e França têm vantagem no Senado",1
Polícia Federal confirma que Bolsonaro não usou recursos públicos para bancar despesas pessoais de sua família,0
Bolsonaro apresentou provas de que ministros do STF receberam propina para favorecer Lula nas eleições de 2022,0
"‘Bessias’, caso Master e Lula: o que a oposição deve explorar na sabatina de Messias",1
Moraes manda PF abrir inquérito contra Flávio por suposta calúnia contra Lula,1
Foto mostra Lula em frente a carro alegórico que faz alusão a Bolsonaro preso,0
Senadora do PT defeneu aborto para que crianças não nasçam com sinusite,0
Datafolha: 75% dizem que ministros do STF têm poder demais,1
"Em vídeo, repórter argentino explica que Bolsonaro foi expulso de foto oficial com Javier Milei por não ser mais presidente",0
MTST recebeu R$ 33 milhões no governo Dilma para erguer um condomínio popular não realizou a obra,0
Trecho em que Daniela Lima lê mensagem de ministro do STF sobre Carla Zambelli foi retirado do ar pela Globo,0
Constantino cobra que Flávio Bolsonaro escolha entre Eduardo ou campanha à presidência,1
"Balão com foto de Lula, para comemorar o STF, cai num presídio. Não adianta, a prisão é o destino natural de Lula. Nem de balão escapa..",0
"Proposta apresentada na Câmara abre caminho para a anulação das eleições presidenciais de 2018, uma vez que a disputa poderia ocorrer apenas em 2020, quando haverá eleição para as prefeituras.",0
Centrão vai em peso na posse do novo ministro de Lula,1
"PT, PSDB e PSD lideram disputa pelo Senado em MG, diz pesquisa Quaest",1
Pimenta protocola 3 projetos na estreia como líder de Lula na Câmara,1
Senado aprova PEC que permite que o congresso revogue as ações do STF,0
Polêmica com STF sobre visitas a Bolsonaro abre comparação e críticas da oposição,1
Eduardo Bolsonaro bate o martelo sobre candidato do PL ao Senado por SP,1
Flávio Bolsonaro disse em Porto Alegre que irá privatizar o SUS no mesmo dia que tomar posse como presidente,0
Lula pede ao TSE para barrar vídeos na internet durante as eleições,0
O governo Lula não tem nada a ver com as emendas parlamentares,0
Caiado diz que Lula é despreparado em política de terras raras,1
Histórico desafia vaticínio de Flávio Bolsonaro sobre Lula,1
Presidente do PT sobre Moraes limitar delação premiada: 'É um debate que o Brasil precisa fazer',1
"Ator, ex-ministro e até ex-BBBs: os nomes conhecidos que serão aposta do PT nas eleições em SP",1
Protesto em São Paulo a favor do presidente Jair Bolsonaro em 1º de maio de 2021,0
"O Haddad já disse isso (...) no mesmo minuto da posse, ele assina o indulto de Lula e no momento seguinte o nomeia Chefe da Casa Civil.",0
A condição de Michelle para entrar de vez na campanha de Flávio Bolsonaro,1
Flávio Bolsonaro e Silas Malafaia selam apoio à campanha presidencial em culto no Rio de Janeiro,1
Pesquisa Real Time Big Data mostra Lula perdendo fôlego em reduto histórico do PT,1
Haddad fica em segundo lugar na eleição para síndico de prédio e culpa grupos de WhatsApp,0
CNN Britânica diz que Lula perdeu o povo brasileiro e Bolsonaro tem ganhado popularidade,0
"A decisão do ministro do STF Edson Fachin em 8 de março ""inocentou"" o ex-presidente Lula",0
Bomba. Donald Trump em sua rede social falou que não convidou Lula para sua posse porque lugar de ladrão é na cadeia e não na presidência. Já dorme sem essa bandidão de 9 dedos,0
"Alexandre Ramagem, ex-diretor da Abin de Bolsonaro, é preso nos EUA",1
"A difícil tarefa de Fernando Haddad em São Paulo, segundo o Paraná Pesquisas",1
Trump manda a secretaria dele rasgar o documento que o presidente Lula mandou pra ele assinar e foi aplaudido de pé pelo seu povo,0
Governo de Bolsonaro não usou aviões da FAB e nem o cartão corporativo,0
A estratégia da direita para recolocar Eduardo Bolsonaro no jogo político,1
Michelle volta a divulgar vídeo de rival de Carlos Bolsonaro ao Senado em Santa Catarina,1
Coca-Cola vai passar a vender produtos menores no Brasil pelo mesmo preço por conta do governo Lula,0
Vídeo mostra fraude em carros-pipa no Nordeste durante o governo Lula,0
Lula volta a explicar se será ou não candidato ao Planalto neste ano,1
CPI do Crime Organizado: como senadores votaram em relatório que pedia indiciamento de ministros do STF,1
Os recados que oposição quis dar a Lula e ao STF com derrota de Messias no Senado,1
Datafolha: os dois principais fatores em jogo na nova pesquisa sobre Lula x Flávio,1
André Mendonça diz que Brasil perdeu oportunidade de ter 'grande ministro do STF',1
STF rejeita pedido de Lindbergh para investigar Moro por questionar eleição de Lula,1
"Condenado e preso por tentativa de golpe, ex-ministro enfrenta um processo bizarro",1
"Lula usou R$ 12,4 bilhões no cartão corporativo e Bolsonaro R$ 27,6 milhões",0
Gleisi diz que rejeição a Messias é oportunidade para debater indicação de mulher ao STF,1
Foto mostra estrada concluída durante gestão de Jair Bolsonaro,0
Pesquisa: Lula cai dez pontos em relação a 2022 em importante reduto nordestino,1
"Em discurso no dia 22 de março, Trump diz que reconhece Lula como presidente e que não conhece Bolsonaro",0
Ciro Gomes diz em áudio que eleição foi armada para beneficiar Lula,0
Lula x Flávio: a nova pesquisa AtlasIntel sobre a eleição presidencial de 2026,1
MPF confirma que não houve corrupção e genocídio no governo Bolsonaro,0
Por que Tarcísio e Haddad disputam aliança com PSDB em SP,1
PT busca aliança com o PSDB para fortalecer Haddad na disputa em SP,1
"Magyar, vencedor da eleição húngara, promete combater corrupção e mudar constituição",1
"“O caos”: derrota de Messias é pior que o impeachment de Dilma, diz advogado e ex-procurador",1
"Ministro da Fazenda, Fernando Haddad, deu entrevista promovendo criptomoedas e está sendo processado por banco",0
"Está sendo preparada uma festa em Curitiba, sem precedentes para o final do mês, quando o STF vota as solturas dos condenados em segunda instância. Imediatamente após a votação, haverá o encaminhamento do pedido de liberdade imediata do Sr. Lula, onde está sendo organizada uma marcha de 1 milhão de pessoas, COM REPRESENTANTES OFICIAIS DOS GOVERNOS DA AMÉRICA LATINA E CENTRAL, + DELEGAÇÕES DO CONTINENTE AFRICANO!",0
"‘Não sou essa florzinha educadinha’, afirma Tebet sobre perfil e atuação no governo Lula",1
"O problema é de Flávio Bolsonaro, não é de Lula. Por Moisés Mendes",1
"Foto mostra Lula abraçado com Capitão Hunter, preso por suspeita de abuso infantil",0
Daniel Vorcaro delatou à Polícia Federal participação de Lulinha e de Moraes em atentado a Bolsonaro,0
Lula promove jantar para Dilma Rousseff no Palácio da Alvorada,1
"Ministros do STF têm vale alimentação de R$ 90 mil por mês, R$ 11 mil de auxílio-aluguel e direito a 220 funcionários ao seu dispor",0
Deputado estadual Thiago Rangel é preso pela PF em operação contra corrupção,1
Maduro convocou políticos do PT à Venezuela para o apoiarem,0
Lula anunciou que dará asilo político a Maduro,0
"Esposa do médico de Jair Bolsonaro publicou foto em que ex-presidente aparece em pé e sorridente no quarto do hospital DF Star, em Brasília, após receber alta da UTI",0
"Em desvantagem para governo de SP, Haddad critica Flávio: ‘Bolsonarinho espalhando fake news’",1
Fraude comprovada nas urnas em 2022,0
Quem lembra? Promotores do MPRJ se reúnem em defesa de Dilma contra o “golpe”. São os mesmos que acusam Flávio.,0
"Genial/Quaest: Tarcísio lidera contra Haddad, e Tebet e França têm vantagem no Senado em SP",1
PT conta com Haddad para definir disputa entre Marina e Márcio França ao Senado,1
"Lula paga o preço do desgaste que a política vive por causa da corrupção, diz Edinho Silva",1
Crescimento da candidatura de Flávio acelera alianças pelo país e pressiona Lula e o PT,1
Governo Lula vai taxar os entregadores de aplicativo,0
PT reage à derrota de Messias e recorre a mantra contra Congresso,1
Campanha de Douglas Ruas já desconsidera a possibilidade dele se tornar governador por decisão do STF,1
sso é grave. Ministro Cássio Nunes lê texto que revela as fr4ld3s. Explica isso TSE. Urnas adulteradas ou fraudadas,0
Tarcísio x Haddad: a primeira pesquisa Quaest para o governo de São Paulo,1
PT do Rio oficializa apoio a Eduardo Paes e anuncia Benedita ao Senado,1
Michelle Bolsonaro comemora rejeição de Messias no Senado: 'Justiça de Deus foi feita',1
Kassab descarta aliança com Haddad e prega apoio ‘incondicional’ a Tarcísio em SP,1
Policia Civil de SP prendeu um falso enfermeiro dentro do Vila Nova Star onde o presidente Jair Bolsonaro está internado. Joilton Batista Silverio foi detido pela segurança do hospital já dentro no andar onde Bolsonaro se recupera da obstrução intestinal. Ele tem passagem na polícia por tentativa de homicídio e é filiado ao PCdoB.,0
Governo Lula recua de redução de imposto sobre gasolina por decreto e manda proposta ao Congresso,1
O Moro VENDEU os inquéritos da PF para o Doria. Bolsonaro soube disso às 13:00 do dia 23 de Abril (dia antes da demissão de Moro),0
"Derrota histórica de Lula, vitória da oposição, tensão com Senado: como imprensa internacional noticiou rejeição a Messias",1
Oposição quer fracionar veto de Lula ao PL da Dosimetria,1
"Na Câmara, Temer diz ser ""inteiramente favorável"" ao PL da Dosimetria",1
Mensagens no celular de Mauro Cid mostram que Bolsonaro rejeitou golpe de Estado,0
Janja será indicada por Lula ao STF,0
Quem é Jorge Messias? ‘Bessias’ da Lava Jato é sabatinado no Senado para vaga no STF,1
"""AGORA É OFICIAL!! Bolsonaro será candidato a presidente em 2026""",0
STF foi incluído em uma investigação do Congresso dos Estados Unidos,0
Supremo Tribunal Federal (STF) legalizou maconha no Brasil,0
"Lula paga o preço pelo desgaste que a política vive por causa da corrupção, diz presidente do PT",1
"59% defendem prisão domiciliar de Bolsonaro, mostra pesquisa Datafolha",1
PT avalia aliança com outros nomes caso Pacheco fique de fora da disputa ao governo de MG,1
Datafolha: Flávio Bolsonaro reage após vantagem numérica sobre Lula,1
Recado de Trump para o ex-presidente Bolsonaro. Bolsonaro meu amigo tentaram fazer comigo a mesma coisa que fizeram com você. Mas eu não vou deixar barsto.Abracos meu amigo,0
Ministro do STF determinou soltura de Bolsonaro na terça (10),0
Facada contra Bolsonaro não aconteceu e foi forjada pelo presidente e por equipe médica,0
O ministro do STF Alexandre de Moraes proibiu o frei Gilson de fazer lives após declarações machistas sobre o papel da mulher na sociedade,0
Damares ignora Michelle e Bia Kicis e diz que vai “torcer muito” por reeleição de Leila do Vôlei,1
Homem diz para Lula que o maior orgulho que já sentiu dele foi quando o petista foi preso,0
Haddad dá apelido a Flávio Bolsonaro ao rebater fake news em VÍDEO; saiba qual é,1
Pesquisa Genial/Quaest reforça hegemonia do PT na corrida ao Senado na Bahia,1
2ª Turma do STF começa a julgar hoje prisão de ex-presidente do BRB,1
A CNN Brasil publicou no Twitter uma pesquisa que indica que Bolsonaro derrotaria Moro na eleição presidencial de 2022,0
Lula escolhe José Guimarães para comandar articulação política do governo,1
"Governo de Jair Bolsonaro conseguiu segurar o preço da gasolina e entregá-la a R$ 4,88 em meio a guerra da Ucrânia, quando o valor do barril do petróleo chegou a custar US$ 141,00.",0
OEA rejeitou reeleição de Maduro por 78 votos,0
Flávio Bolsonaro solta a mão de Hélio ‘Negão’ e apoia outra candidatura ao TCU,1
Lula (PT) vendeu a maior reserva de urânio da Amazônia para a China,0
STF descobre que Lula foi o mandante do rombo do INSS a idosos,0
"Lula empata com Flávio, Caiado e Zema no 2º turno, diz pesquisa RealTime Big Data",1
A nova prova de que o avanço de Flávio Bolsonaro nas pesquisas já incomoda o PT,1
Eduardo Bolsonaro não comparece a interrogatório virtual no STF e processo avança,1
"Lula só será eleito se forem construídas alianças nos Estados, diz presidente do PT",1
Problema de foco afasta Lula do eleitorado feminino,1
Lula teria dito que políticos não deveriam cuidar de pessoas pobres,0
Flávio Bolsonaro fala a VEJA sobre derrota histórica de Lula e Messias,1
"Barroso pagou R$ 9 milhões a partidos para derrubar a PEC do Voto Impresso, comprou microchips de Taiwan com milhões de votos para Lula e destruiu cerca de 200 mil urnas que escondiam provas da fraude eleitoral de 2022",0
CCJ do Congresso dos EUA aprovou cancelamento dos vistos dos ministros do STF,0
PF confirmou que Bolsonaro é o mais honesto de todos os presidentes,0
"Dívida pública avança sob Lula, que transfere bomba fiscal para a próxima gestão",1
O impacto da prisão de Ramagem na disputa entre Lula e Flávio Bolsonaro,1
STF retoma julgamento da desoneração da folha e deve preservar acordo entre governo e Congresso,1
Bolsonaro pede autorização ao STF para cirurgia no ombro,1
"Haddad avança e reduz vantagem de Tarcísio em 10 pontos no 2º turno em SP, diz nova pesquisa",1
"Uai uai uai, como assim? Gleisi devolver dinheiro pra PTrobrás? A paladina da moralidade e honestidade do Partido das Trevas, devolver pq será, pegou por engano?PERFIL Gleice Hoffman tem que devolver 1 milhão estamos de volta 09/03/24",0
"Caso Master abala imagem do STF e mudanças precisam ser feitas, diz Lula",1
"Em entrevista recente, advogado diz que PT mandou matar Bolsonaro",0
"Vídeo mostra o que seria um protesto por falta d’água no Nordeste. Um homem narra o conteúdo e, logo em seguida, aparece afirmando que a população da região não soube “agradecer os benefícios” alcançados à época do governo do ex-presidente Jair Bolsonaro (PL).",0
Por que a batalha do PT contra perfil de IA pode respingar em Lula,1
Segunda turma do STF mantém prisão de ex-presidente do BRB,1
Pesquisa revela o impacto do caso Messias e de outras derrotas nos números de Lula,1
Haddad cita “lavagem cerebral coletiva” ao comentar empate entre Lula e Flávio Bolsonaro,1
Alexandre de Moraes foi indicado ao STF pelo PT,0
Ex-presidente Dilma tem foto com fuzil ao lado,0
Presidiários comemoram decisão do ministro do STF Edson Fachin depois de ter anulado as condenações de Lula,0
Depois de 3 anos governo Lula libera água no Nordeste,0
Ato pró-Bolsonaro no dia 21 de abril de 2024 gerou pressão internacional sobre o governo do Brasil,0
"PT cobra substituto de Gleisi a exonerar ""bolsonarista""",1
Líder da oposição no Congresso desagrada Michelle Bolsonaro e provoca novo racha no PL,1
"Bolsonaro está em Maceió para dar apoio à cidade que está afundando, enquanto Lula está passeando em Dubai",0
Justiça aceita denúncia de Nikolas e torna réu sobrinho de Dilma,1
"Em vídeo, jornalista diz que Vorcaro surtou na cadeia e confessou ter feito pagamentos a Lula e ao STF",0
"‘Sem o impeachment de Dilma, Bolsonaro não teria sido presidente’, diz Eduardo Cunha",1
Lula diz que PT defende fascismo e nazismo em vídeo entregue por Palocci,0
Vídeo gravado para a campanha presidencial de 2006 mostra Dona Marisa e Lula falando sobre o sítio de Atibaia,0
Freire Gomes negou a existência de uma 'minuta do golpe' em seu depoimento ao STF.,0
"""O TRIBUNAL ELEITORAL REJEITOU O PROCESSO DE INEGILIBIDADE DO BOLSONARO! BOLSONARO DE VOLTA EM 2026!""",0
"Foto mostra Lula beijando testa de dono da Choquei, preso pela PF",0
"Ministro do Supremo Tribunal Federal (STF) Flávio Dino é visto pulando o carnaval ""fazendo o L"", em apoio a Lula",0
Magno Malta mostra áudio de Flávio Dino ameaçando senadores que votarem contra sua indicação ao STF,0
Os dois primeiros anos do governo Lula foi o momento em que mais se aprovou projetos de lei e medidas provisórias na história do país,0
STF quer censurar o termo “mãe” por violar o direito de pessoas trans e travestis,0
Dança das cadeiras: Paulo Pimenta será o novo líder do governo Lula na Câmara,1
Tebet surpreende em pesquisas internas do PT e pode mudar eleições em SP; entenda,1
CCJ do Senado aprova indicação de Jorge Messias para o STF,1
Sobrinho de Dilma vira réu por difamação após Justiça aceitar denúncia de Nikolas,1
Gilmar pede a Moraes para investigar Zema no inquérito das fake news por vídeo com sátira a STF,1
Associado ao MST foi preso por tentar matar Jair Bolsonaro em Não-Me-Toque (RS),0
"Foragido, Eduardo Bolsonaro pode virar suplente do PL na disputa pelo Senado em SP",1
"Pipoca e sorvete são armas de golpe? Para o STF, dois trabalhadores com seus equipamentos de venda são considerados golpistas.",0
Governo Lula propõe aumento do salário mínimo; veja novo valor,1
Médico diz que lesão de pele retirada de Lula é comum e presidente não terá restrições,1
Sou um servo de Deus': o que indicado de Lula ao STF disse até agora em sabatina no Senado,1
"Maioria dos brasileiros crê que ministros do STF estão envolvidos com o caso Master, diz Datafolha",1
"Lula colocou sob sigilo o valor de R$ 2,5 bilhões pagos em honorários para a Advocacia-Geral da União (AGU)",0
"Eduardo Bolsonaro curte, compartilha e elogia post do PCO contra Lula",1
"Datafolha: Maioria acredita que STF tem poder demais, mas é essencial para democracia",1
Bastidores: Líder do PT na Câmara defendeu criar Terrabras em reunião com Embaixada dos EUA,1
"Gleisi defende ""oportunidade"" para discutir indicação feminina ao STF",1
Senado contraria STF em aprovação de PEC da liberdade de imprensa,1
"Após 4º voto pela condenação de Eduardo Bolsonaro por difamação, Mendonça suspende julgamento",1
PT do Rio oficializa apoio a Paes e lança Benedita ao Senado,1
"Entre a cruz e a espada, Lula enfrenta dilema eleitoral na Paraíba",1
Ministro do STF André Mendonça sofreu atentado,0
Como o mercado financeiro avalia a nova pesquisa sobre Tarcísio x Haddad,1
"Irmão' de Bolsonaro e inspiração para a direita radical, Orbán perde eleição após 16 anos na Hungria",1
Governo Lula expropriou terras no Rio Grande do Sul,0
"Datafolha: Lula ainda favorito; Flávio, candidato a ser desentranhado",1
Demétrio Magnoli foi demitido após criticar a possível cassação do mandato do senador Sergio Moro (União Brasil),0
"Ministro da Defesa, José Monteiro Múcio, afirmou que ideia de golpe no 8 de janeiro é uma “narrativa absurda”",0
Putin disse que Bolsonaro deveria ser condenado à morte por traição à pátria e tentativa de golpe de Estado,0
A reação de Flávio à abertura de investigação no STF por suposta calúnia contra Lula,1
Vídeo mostra manifestação de indígenas contra o governo Lula,0
Não há registro de que Maduro tenha citado Obama em investigação de fraude eleitoral,1
"Vídeo: ‘Flávio Bolsonaro será o próximo presidente do Brasil’, diz Ricardo Nunes",1
"Após Datafolha, Zema e Flávio Bolsonaro brincam sobre aliança: “Será?”",1
Governo federal pediu ao STF para suspender investigações da fraude no INSS,0
Gleisi diz que Congresso “passa pano” para golpistas e exige de Alcolumbre CPI do Master,1
"PT zomba de Ramagem: ""Chama Brasil de ditadura e foi preso na democracia dos EUA""",1
Lula declara que eleições a cada 4 ou 5 anos ‘não são suficientes’ e analistas alertam para possível intenção de prolongar seu próprio mandato,0
Pesquisa: Em quem votariam os eleitores de Lula e Flávio se eles não fossem candidatos?,1
Congresso derruba veto de Lula e aprova projeto que reduz pena de Bolsonaro,1
"Lula teve 26 processos e foi absolvido em todos eles, além de ter sido absolvido na ONU e no STF",0
A negativa de Malafaia a Flavio Bolsonaro na busca por eleitorado religioso,1
"Antes de ser ministro do STF, Alexandre de Moraes fala até em atear fogo no STF",0
CPI do Crime Organizado vota relatório final que pede indiciamento de ministros do STF. Siga,1
"Provocar Trump vira jogo eleitoral de Lula, dizem analistas",1
Deputado do PT afirma que governo não tem dinheiro para manter o básico,0
Lula mente sobre resultados do governo federal em pronunciamento oficial,0
"Quem é Jorge Messias, indicado de Lula rejeitado para vaga no STF",1
Eduardo Bolsonaro confirma disputa ao Senado por SP como suplente de André do Prado,1
Nikolas diz que candidaturas do PL em Minas vão servir à campanha de Flávio Bolsonaro,1
"Por falta de público, ‘Posse simbólica de Lula’ é cancelada em Curitiba",0
Polícia Federal investiga suspeita de fraude no sorteio da Mega da Virada,0
"""Isso é gravíssimo, tentaram matar os ministros do STF. Disseram que foi falha mecânica, mas foi sabotagem. Nos motores do avião que iria viajar o ministro luiz fux e André Mendonça no mesmo. Voo""",0
"No PR, produtor de arroz critica governo Lula em meio a crise no setor",0
"A ameaça permanente do fascismo, 10 anos depois do golpe contra Dilma. Por Moisés Mendes",1
Datafolha: avaliação negativa do governo Lula se mantém em 40%; positiva cai,1
Ministro Fernando Haddad afirmou que taxará tudo e que tem muita gente para comprar apoio,0
PT ofereceu R$ 50 bilhões para o TSE tornar integrantes do PL inelegíveis,0
Vídeo gravado antes de Alexandre de Moraes ser escolhido para o Supremo Tribunal Federal mostra o hoje ministro ameaçando a corte,0
Pode rir: Eduardo Bolsonaro invoca “soberania” para atacar Lula por reunião com Trump,1
Suspeito de aplicar golpe contra Marcos Oliveira é preso no Rio,1
"Hugo Motta espera retribuição de Lula na Paraíba, mas PT dá apoio a adversário",1
STF marca data para julgar manutenção de prisão de ex-presidente do BRB,1
Delação sobre INSS avança no STF e ameaça atingir políticos e aliados do governo,1
A reação das tropas ao capitão Bolsonaro e ao general Lula,1
"Presidente do PT reage à pesquisa Datafolha: ""Fotografia do momento""",1
Corinthians abre caminho para Stábile concorrer à reeleição e barra criação de SAF,1
VÍDEO: Ricardo Salles endurece disputa com Eduardo Bolsonaro por vaga ao Senado,1
"Senador rompe com PT, cita ‘ganância’ do partido e muda de lado na Bahia",1
Pesquisa mostra sinais de fadiga eleitoral com Lula e Flávio Bolsonaro,1
Abertura do processo de impeachment de Dilma completa 10 anos. Reveja,1
STF julgará queixa-crime de procuradora contra Bolsonaro por calúnia,1
"TCU volta a julgar Dilma, Mantega e ministra de Lula por pedaladas em 2014",1
Jornal Nacional noticiou que os Estados Unidos ameaçaram romper parcerias com o Brasil caso Jair Bolsonaro seja preso,0
Vídeo em que o primeiro-ministro do Japão faz elogios a Lula e o chama de 'herói da vida humana',0
"STF desfalcado poderia ser desculpa perfeita para Lula fazer nova indicação, avaliam aliados",1
Jair Bolsonaro foi beneficiado por votos fraudados nas Eleições de 1994,0
Deputados do PDT acionam STF para anular eleição de Douglas Ruas como presidente da Alerj,1
Polícia descobriu galpão com 100 mil celulares em fazenda de engajamento de Nikolas Ferreira e Flávio Bolsonaro,0
Os planos de Renan Santos para roubar votos de Flávio Bolsonaro: 'Sou o candidato da direita',1
"Lula posta vídeo dizendo ""chama o Samu"" para debochar de Jair Bolsonaro, que foi socorrido por uma ambulância após passar mal",0
Derrota de Flávio e 10 anos de Bolsonaro preso: o temor de Valdemar Costa Neto,1
Senado rejeita a indicação de Jorge Messias para o STF,1
Moraes libera ação do PT sobre limites da delação premiada; entenda,1
Perfil político ou técnico? Como os brasileiros acham que deve ser a escolha do novo ministro do STF,1
Conselho aprova exceção e abre caminho para reeleição de Stabile no Corinthians,1
"Uma ‘batalha antiga’ entre Lula e Flávio volta com força, e deve mexer com as pesquisas",1
"Em delação, Mauro Cid diz ao ministro Alexandre de Moraes que Jair Bolsonaro não daria um golpe de Estado",0
"CNT/MDA: no 2º turno, Lula aparece com 44,9% e Flávio Bolsonaro tem 40,2%",1
Presidente Trump em seu discurso chama Lula de corrupto,0
Governo Lula e ministros do STF derrubam integrantes da CPI do Crime Organizado,1
Moraes abre inquérito contra Flávio Bolsonaro por suposta calúnia contra Lula,1
"Lula aparece à frente de Flávio no primeiro e no segundo turno, mostra pesquisa CNT/MDA",1
Temer ou Dilma acabaram com patente da poliaminina,0
A alfinetada de ministro de Lula à performance de Flávio Bolsonaro nas pesquisas,1
Sucessão no Rio: TSE segura publicação de documento que pode destravar julgamento no STF,1
"Professores protestam contra governo Lula por reajuste de 0,37%",0
Influenciadores apagaram publicações de evento realizado com ministros do STF,0
Delação de Camisotti mostra entranhas da corrupção no INSS no governo Lula,1
STF tem funcionários única e exclusivamente para empurrar cadeiras de ministros,0
"Sem Lula, Haddad também vence Flávio e lidera 1° turno, diz pesquisa Atlas",1
Os cálculos do PT ao pegar carona na chapa de Eduardo Paes ao governo do Rio,1
Governo Lula anunciou fim do Bolsa Família,0
Bolsonaro na verdade ganhou a eleição e tudo foi roubado pelo TSE,0
"Avaliação de Lula piora em todas as áreas e maioria rejeita novo mandato, diz pesquisa Meio/Ideia",1
"Nos EUA, Eduardo Bolsonaro e Valdemar fecham nome ao Senado por SP pelo PL",1
"Messias vai debater papel STF e cobrar retidão de juízes, mas terá placar apertado no Senado",1
Bolsonaro: entenda cirurgia no ombro realizada por ex-presidente,1
"Banco Master, STF e Lula na Europa: o que repercutiu nas bolhas online de direita e esquerda",1
Lula perdeu governabilidade': Flávio Bolsonaro e oposição no Senado avaliam rejeição a Messias,1
"Lula dará posse a José Guimarães na SRI nesta terça-feira, 14",1
O BC de Bolsonaro e o pai do ex-ministro de Lula. Por Moisés Mendes,1
Convite à posse de Trump apresentado por Bolsonaro é resposta automática de site,0
"Senador sobre colega que rompeu com Lula: “Sempre foi bolsonarista""",1
PT está dividido sobre timing para colocar bloco de Lula na rua e ativar ataques contra Flávio,1
O criador do ‘bolsomaster’: há meses o PT tenta associar sem provas Flávio Bolsonaro à fraude,1
"Imagem do ministro Alexandre de Moraes, do Supremo Tribunal Federal (STF), usando um boné com o logo da Agência dos Estados Unidos para o Desenvolvimento Internacional",0
"Quando acabaram as últimas eleições, a última agora, em 2022, o meu partido peticionou no TSE. No dia seguinte, o ministro presidente do TSE, Alexandre de Moraes, não aceitou, mandou arquivar e nos deu uma multa de 22 milhões. Alguém já viu algum advogado ser multado aí, por peticionar o poder judiciário?",0
"Lula usou R$ 1,4 bilhão no cartão corporativo e Bolsonaro R$ 41,2 milhões",0
Gonzaguinha critica Bolsonaro em 1990,0
Cientista político diz que reeleição de Lula é “muito difícil” com aprovação abaixo de 45%,1
Por que o entorno de Lula acompanha ‘com lupa’ escândalo que chegou ao STF,1
Fila de pessoas em busca de gás no governo Lula,0
Adélio confessa que lideranças do PT ordenaram ataque a Bolsonaro,0
Daniel Vorcaro entregou em delação quem foi responsável pelo atentado contra Bolsonaro em 2018,0
De 'Bessias' da Lava Jato a evangélico indicado ao STF: a trajetória de Jorge Messias,1
Lula está com desaprovação de 88%,0
"BOMBA !

É o fim de Gleisi Hoffmann! Vídeo que acaba com a petista de vez.

Vazou um vídeo de reunião de cúpula; e a senadora petista diz que querem é desemprego em massa. Para deixar o povo revoltado. Assista esse vídeo é revoltante como somos somente peças de um jogo político.",0
A defesa de Gilmar Mendes ao candidato de Lula ao STF,1
"Polícia Federal descobriu indícios de possível fraude na Mega da Virada envolvendo pessoas próximas ao alto escalão do governo, empresários influentes e funcionários de alto nível da Caixa Econômica Federal.",0
TSE admite que o PCC tem sim ligação com o PT de LULA,0
STF negou extraditar empresários condenados nos Estados Unidos,0
O que acontece com Bolsonaro após derrubada do veto de Lula ao PL da Dosimetria,1
Trump acusa STF de golpe de Estado no Brasil e promete sanções duras,0
Jair Bolsonaro deixou um precedente e uma dica eleitoral para Lula,1
Falsas notificações usam ironia para insinuar censura do ministro do Supremo Tribunal Federal,0
Jair Bolsonaro nvai mandar no Brasil caso o PL vença as eleições para a Câmara dos Deputados; ele não está inelegível,0
Polícia Federal fez dossiê contra Nikolas Ferreira e irmão de Bolsonaro,0
Haddad ganhará no primeiro turno em SP segundo a pesquisa AtlasIntel,0
"Pouco antes do encontro de Lula com Trump, Flávio Bolsonaro viaja aos EUA",1
Confisco do passaporte de Bolsonaro foi uma medida inédita tomada pela PF contra ex-presidentes,0
"Teca Vendramini é sondada, mas recusa ser vice de Haddad na chapa ao governo de SP",1
Como prisão de deputado da Alerj pode afetar eleição para governador do Rio,1
"Avanço de investigação sobre Lulinha vira novo risco eleitoral para Lula, diz cientista político",1
"Kassab descarta aliança com Fernando Haddad, em São Paulo, e diz que apoio a Tarcísio está decidido",1
Ministro Luiz Fux diz que Bolsonaro vai ser volto e será candidato à Presidência,0
"VÍDEO: “Lula vai concorrer com Bolsonarinho”, diz Haddad ao criticar retrocessos do último governo",1
[A jornalista da Folha Patrícia Campos Mello] procurou Hans para fazer matéria acusando Jair Bolsonaro de fazer disparos em massa de WhatsApp durante a eleição de maneira irregular.,0
Todas as urnas de seção eleitoral no Rio Grande do Sul registraram 129 votos para Bolsonaro,0
Flávio Bolsonaro disse que irá privatizar o SUS no dia em que tomar posse como presidente da República,0
URGENTE ÁUDIO VAZADO DO DIRETOR DA DATAFOLHA MAURO PAULINO PLANO DE FRAUDES NAS URNAS,0
Vídeo mostra fraude eleitoral nos EUA na qual voto de Trump é transferido para Kamala,0
"Vídeo mostra reabertura da transposição, que havia sido fechada pelo governo Lula",0
Nova pesquisa AtlasIntel sobre Lula x Flávio: três pontos de atenção,1
Lula indicou desembargador do TRF-2 preso pela PF,0
Lula aposta no ‘Desenrola 2.0’ para mudar o rumo da sua campanha,1
Lula tirou uma selfie com um palhaço que representa o Bolsonaro no Carnaval,0
Hungria. Corrupção no centro da campanha para legislativas,1
Advogada detalha golpe que o PT vem realizando contra os aposentados do INSS,0
Pesquisa mostra por que a economia é desafio central para Lula na corrida eleitoral,1
Lula assina decreto do acordo entre UE e Mercosul,1
"Em resposta a Tarcísio, Haddad diz que situação em SP só não está pior por causa da ajuda de Lula",1
"Operação da PF apreendeu hoje 985 milhões destinada à campanha de Lula Na madrugada desta sexta-feira a Polícia Federal apreendeu 985 milhões de reais vindo da Nicarágua, esse dinheiro seria destinado para a campanha de Lula (PT)",0
A personagem de IA que viraliza com críticas ao governo Lula e ao STF,1
Trump convidou Lula para sua posse,0
"Lula, governo e PT debatem vingança por derrotas no Congresso",1
"Vídeo mostra ato contra Dilma, não pela morte de bolsonarista preso",0
Proibido rir [...] Esondeu dólares na cueca e virou presidente de comissão que vai combater a corrupção,0
"Guimarães toma posse como ministro da SRI: ""o Brasil precisa de mim""",1
"Com saída de Gleisi, Lula escolhe líder do governo na Câmara para chefiar articulação política",1
Como o PT conseguiu emplacar um militante no hoje estratégico cargo de ministro do TCU,1
Governo Lula enviou mais alimentos para Cuba que para afetados pelas enchentes no RS,0
Campos Neto vai para os EUA e entrega à CIA dossiê com 3.847 páginas sobre corrupção de Lula e Moares,0
Hoje- Prefeito de São Paulo agradecendo o Governo Bolsonaro sobre vacinas contra a covid-19,0
Deputados do PL discutem após Carlos Bolsonaro ser cortado de foto nas redes sociais,1
PT vai ao TSE e pede suspensão de perfil fake nas redes que fazia ataques a Lula,1
"Gilmar Mendes é o ministro titular do Supremo Tribunal Federal (STF). Ele é dono de uma faculdade em Portugal e viaja a cada dez dias para verificar o desempenho da instituição. Segundo a imprensa, o governo custeia sua viagem. Só no ano passado, ele viajou cerca de 40 vezes",0
"Pix, minerais críticos e tarifas: o que o governo Lula quer discutir com Trump na economia",1
"Ministro Fernando Haddad quer taxar doenças como câncer, AIDS e tuberculose",0
Flávio critica Lula com imagens gravadas durante gestão do pai; governistas reagem,1
"Depois de gastar milhões em hoteis de luxo, Lula, candidato, ficará em embaixada nos EUA",1
Eliane Cantanhêde disse que Bolsonaro precisa ser preso por ser popular,0
"Genial/Quaest: Lula tem 55% de rejeição, Flávio Bolsonaro 52%, Caiado 32% e Zema 31%",1
Ministro do Supremo Tribunal Federal (STF) Alexandre de Moraes assinou documento falso que prendeu Filipe Garcia Martins.,0
"Lula diz, em áudio, que só venceu a eleição porque o povo nordestino é analfabeto",0
Deputado do PDT deve desistir de disputar a presidência da Alerj e aliado de Castro tende a ser candidato único,1
Datafolha: Moraes é o ministro com maior índice de aprovação. Contas!,1
Datafolha: pesquisa mostra que 59% defendem prisão domiciliar de Bolsonaro,1
"STF é essencial para manter a democracia para 71% dos brasileiros, diz Datafolha",1
Papa Leão 14 menciona Lula e Bolsonaro,0
"Fotos mostram a primeira-dama, Janja da Silva, grávida ao lado do presidente Lula",0
"""PERNAMBUCO SURPREENDE O BRASIL. Nova pesquisa mostra um cenário que muita gente não esperava ver no Nordeste. Flávio Bolsonaro: 50,5% Lula: 38,1% Aldo Rebelo: 5,8%.Se esses números se confirmarem, não é apenas uma pesquisa. É uma mudança de vento político""",0
"PT fica sem candidato ao governo do Rio Grande do Sul pela primeira vez, após pressão de Lula",1
"Você sabe quem foi o meu ministro da Educação? É o Mendonça Filho, que é do DEM, um partido que apoia a sua candidatura.",0
Chiquinho Brazão não pode ser preso diz STF e Moraes manda soltar,0
"Quem que apresentou projeto que ataca a corrupção nos últimos governos durante todos esses escândalos de corrupção, pelo menos desde 2014? Praticamente ninguém apresentou nada.",0
PT doou R$ 14 bilhões do BNDES para governo de Angola,0
Bolsonaro confessou: Lula foi preso em 2018 para eu vencer as eleições,0
El Pollo Carvajal tem provas de financiamento ilegal do governo da Venezuela ao PT,0
Oposição celebra rejeição de Messias ao STF enquanto governo atribuiu derrota a 'chantagem política',1
Congresso derruba veto de Lula a PL que pode reduzir pena de Bolsonaro,1
TSE admite que PT tem ligação com PCC,0
Lula percebeu que está isolado e pode ter menos tempo de TV que os adversários na campanha,1
Policiais da Lava Jato visitaram filho do Lula e encontraram recibo de cremação e dinheiro sem numeração,0
"Aqueles que tentam chegar ao poder de forma a saltar a eleição direta, eles oscilam entre invenções, falácias, porque não há como justificar o atentado que querem cometer contra a democracia. E é isso que nós chamamos de golpe. Alegam, em alguns momentos, que o motivo seria o que nós fizemos no Orçamento Federal. Ocultam que jamais houve nenhum desvio no que eles apontam como sendo o problema. Eles não sustentam, não sustentam qualquer argumento, porque não houve irregularidade.",0
Revista Charlie Hebdo afirmou que STF considera Lula um santo,0
Flávio Bolsonaro ainda enfrenta desconfiança em seu grupo político,1
Governadores de 12 estados assinaram carta pedindo ao Senado intervenção federal no STF,0
Lula em entrevista ao El País fala sobre mulheres no PT e economia,0
Nova pesquisa mostra Flávio Bolsonaro à frente de Lula em Pernambuco,0
Flávio tende a estagnar? Lula pode reagir? Cientista político analisa tendências das pesquisas,1
"Deputado preso no Rio usou transportadora de valores para movimentar propina, aponta PF",1
Carlos Bolsonaro quer ser ministro de Flávio para reativar gabinete do ódio,1
Novo ministro de Lula é contra desoneração para compensar impacto do fim da escala 6x1,1
"Fernando Haddad: ‘Maduro, para mim, é um exemplo e inspiração. Há problemas na Venezuela? Há. Mas a culpa é da oposição que não colabora’.",0
Gleisi detona editorial da Folha por “terrorismo fiscal” contra o governo,1
O ministro do Supremo Tribunal Federal Flávio Dino anulou uma sentença judicial em benefício próprio,0
"Após Datafolha, Lula critica Faria Lima: ""Querem política para taxa de juros deles""",1
Apoiador diz em vídeo que sentiu orgulho do momento em que Lula foi preso,0
"Lula tem 40,4% e Flávio Bolsonaro, 37%, em cenário de 1º turno, mostra pesquisa Meio/Ideia",1
Por que o PT nunca ganhou as eleições para o governo de São Paulo,1
Ministro da Saúde critica Flávio Bolsonaro: 'Bolsonarinho é antivacina',1
Impeachment de Dilma: os efeitos políticos de 2016 uma década depois,1
"STF, Congresso e governo Lula: entenda o que está em jogo na ‘corrida desesperada’ das delações",1
Cantor gospel que teve perfil suspenso por Moraes é pré-candidato a deputado federal,1
"Lula recebe muçulmanos e a Operação Acolhida, do governo federal, está pagando R$ 7 mil por mês e dando moradia a refugiados da Palestina e de outros países.",0
VÍDEO – “Estou motivado”: Lula confirma que será candidato à reeleição,1
"Derrota em dose dupla: o governo Lula virou ""refém"" do Congresso?",1
"Haddad diz: ""Eu gosto é de taxar os pobres. Não vou mentir para você que 98% da população brasileira é pobre. Como a gente só tem 2% de milionários, eu não acho justo taxar essa pouca quantidade de milionários sendo que temos 98% de pobres no Brasil. Se a gente taxar todos os pobres, a gente vai ter mais lucro para o nosso governo do que se a gente taxar todos os ricos""",0
"VÍDEO – Lula descarta Bolsonaro, mas lembra de Flávio na Espanha: “O extremismo não acabou”",1
"Por que foto com Trump pode ser valiosa para Lula na eleição, segundo analistas",1
"Gasolina, gás, café e picanha eram mais baratos no governo Bolsonaro que no governo Lula.",0
Haddad diz que governo vai taxar tudo para ganhar apoio nas eleições 2026,0
Flávio já é mais competitivo contra Lula do que foi Bolsonaro nos maiores estados do país,1
O mentor da proposta do código de ética sugerido pelo PT ao STF,1
Pesquisa Quaest indica o principal problema para Lula e os motivos para avanço de Flávio,1
Governo Lula transferiu 84 milhões do Bolsa Família para Secom,0
"Flávio Bolsonaro disse que vai privatizar o SUS, caso seja eleito presidente.",0
A revista francesa Charlie Hebdo publicou capa satirizando o STF e Lula,0
Dilma Rousseff copiando Rodrigo Janot declarou: ‘estive a ponto de cometer suicídio e em seguida matar o Sérgio Moro…,0
"Não caiam na nova jogada suja da esquerda. Pegaram um vídeo antigo no YouTube do então Deputado federal BOLSONARO, onde ele pede para que a população compareça às manifestações do dia 15 de março. Só que essas manifestações eram sobre o impeachment da Dilma.",0
"A pedido do PT, Justiça proibiu o plantio de soja em Mato Grosso até dezembro, prejudicando os produtores. MST vai fiscalizar o agronegócio caso Lula seja eleito.",0
Candidato a Provedor defende a sua independência política,1
Lula e Janja foram citados em delação de Vorcaro,0
"Ministro André Mendonça, do STF, não quer permitir a quebra de sigilo do Banco Master",0
Análise: Pesquisa Genial/Quaest mostra que Lula paga preço por guerra do Irã,1
CCJ dos Estados Unidos aprova cancelamento de vistos dos ministros do STF brasileiro,0
Pesquisa Datafolha não tem registro no TSE,0
Polícia Federal apreendeu 60 baús no Porto de Santos com bilhões do Brasil que iam para Cuba e voltavam para financiar a guerrilha armada do PT,0
"‘Eu não decidi se serei candidato ainda’, diz Lula",1
Lula fez ligação para articular soltura de Poze do Rodo com ministros do Supremo,0
Imprensa francesa destaca revés de Lula após derrubada de veto que beneficia Bolsonaro,1
Homem tentou matar o presidente Jair Bolsonaro na Expodireto,0
"Eleitores de Lula e de Bolsonaro dividem uma opinião sobre a Copa, segundo Datafolha",1
Líder do PT diz que base do governo vai recorrer ao STF após derrubada do veto ao PL da Dosimetria,1
Valdemar delata Bolsonaro pessoalmente a ministros do STF e PGR vai para cima no caso Marielle Franco,0
Maduro implica Obama em investigação de fraude eleitoral e tráfico de drogas,0
Moraes solicitou a PGR pedido de prisão contra Bolsonaro,0
PGR pede condenação de Gleisi Hoffmann em outubro de 2025 por corrupção e lavagem de dinheiro,0
LULA SENDO LULA !!! .... VAIADO EM UM PAIS SOCIALISTA ( FRANÇA ) . - FALAR MAU DO MINISTRO SÉRGIO MORO”.,0
"Patrimônio de Wagner Moura foi de US$ 26,8 milhões para US$ 40 milhões no governo Lula",0
NARCOTRÁFICO & COMUNISMO. Em 2015 eu postei esta foto que foi retirada pelo Facebook que disse que a foto estava denegrindo a imagem da Presidente Dilma. Hoje com a delação do Palocci confirmando as ligações do narcotráfico com financiamento das campanhas dos políticos comunistas; eu volto a postar a DITA FOTO que em 2015 foi CENSURADA. Será que serei censurado pela censura comunista com prova?,0
"Publicação afirma que o site Intercept publicou a denúncia de que o deputado Eduardo Bolsonaro doou R$ 160 mil em dinheiro público para a campanha de Donald Trump, que é novamente candidato à presidência dos EUA. O post utiliza uma foto do candidato ao lado do filho de Jair Bolsonaro e do deputado Mário Frias (PL-SP).",0
Disputa por vaga no TCU amplia desgaste entre Michelle e Flávio Bolsonaro,1
"Após eleição de Trump, Gilmar Mendes diz que não houve tentativa de golpe",0
O que prevê projeto para fim da escala 6x1 que governo Lula mandou para o Congresso,1
"Luiz Fux disse que ministros do STF estão mais preocupados em perseguir Jair Bolsonaro, do que em cumprir a lei.",0
O nome de Jair Bolsonaro não aparece no relatório de indiciamento da Polícia Federal sobre o golpe de estado,0
"Governo Lula ACABA de ANUNCIAR que IRÁ SUSPENDER todos contratos com a Starlink, companhia de Elon Musk",0
Manifesto do PT ignora corrupção e defende socialismo democrático no Brasil,1
O clube dos países ricos OCDE chamou o STF de “cúmplice da corrupção”,0
"Trump sobre Bolsonaro: ""Ele que se entenda com a justiça, não vou me indispor com o governo Brasileiro para livrar ninguém da cadeia""",0